released_year,certificate,runtime,genre,imdb_rating,meta_score,director,star1,star2,star3,star4,no_of_votes,gross,gross_per_vote
1972,3,175,"['crime', 'drama']",9.2,100.0,2,2,2,1,2,1620367,134966411.0,83.29372975381503
2008,1,152,"['action', 'crime', 'drama']",9.0,84.0,3,3,2,1,2,2303232,534858444.0,232.22082881793932
1974,3,202,"['crime', 'drama']",9.0,90.0,2,3,2,2,2,1129952,57300000.0,50.71011865990768
1957,0,96,"['crime', 'drama']",9.0,96.0,2,2,1,2,1,689845,4360000.0,6.3202603483391195
2003,0,201,"['action', 'adventure', 'drama']",8.9,94.0,2,2,2,1,2,1642758,377845905.0,230.0070399900655
1994,3,154,"['crime', 'drama']",8.9,94.0,3,1,2,2,1,1826188,107928762.0,59.10057562529159
1993,3,195,"['biography', 'drama', 'history']",8.9,94.0,3,2,1,1,1,1213505,96898818.0,79.85036567628481
2010,1,148,"['action', 'adventure', 'sci-fi']",8.8,74.0,3,3,2,1,1,2067042,292576195.0,141.54342050137345
1999,3,139,['drama'],8.8,66.0,3,2,1,1,1,1854740,37030102.0,19.965117482773866
2001,0,178,"['action', 'adventure', 'drama']",8.8,92.0,2,2,2,2,1,1661481,315544750.0,189.91776011883374
1994,1,142,"['drama', 'romance']",8.8,82.0,2,3,2,1,1,1809221,330252182.0,182.53833113809756
1966,3,161,['western'],8.8,90.0,3,3,1,1,1,688390,6100000.0,8.861255974084457
2002,1,179,"['action', 'adventure', 'drama']",8.7,87.0,2,2,2,1,2,1485555,342551365.0,230.58814045928963
1999,3,136,"['action', 'sci-fi']",8.7,73.0,1,1,1,1,1,1676426,171479930.0,102.28899456343436
1990,3,146,"['biography', 'crime', 'drama']",8.7,90.0,3,3,1,2,1,1020727,46836394.0,45.88532879016623
1980,1,124,"['action', 'adventure', 'fantasy']",8.7,82.0,1,2,2,2,2,1159315,290475067.0,250.5574990403816
1975,3,133,['drama'],8.7,83.0,2,2,1,1,1,918088,112000000.0,121.99266301269596
2020,2,160,"['biography', 'drama', 'history']",8.6,90.0,1,1,1,1,1,55291,23457439.5,424.25420954585735
2019,3,132,"['comedy', 'drama', 'thriller']",8.6,96.0,2,2,1,1,1,552778,53367844.0,96.54480460510368
2020,0,153,['drama'],8.6,79.0,1,1,2,2,1,54995,23457439.5,426.5376761523775
2014,1,169,"['adventure', 'drama', 'sci-fi']",8.6,74.0,3,2,2,1,1,1512360,188020017.0,124.32226255653416
2002,3,130,"['crime', 'drama']",8.6,79.0,1,1,1,1,1,699256,7563397.0,10.8163490910339
2001,0,125,"['animation', 'adventure', 'family']",8.6,96.0,3,1,1,1,1,651376,10055859.0,15.437871521210484
1998,3,169,"['drama', 'war']",8.6,91.0,3,3,2,2,1,1235804,216540909.0,175.22269631753903
1999,3,189,"['crime', 'drama', 'fantasy']",8.6,61.0,1,3,1,2,1,1147794,136801374.0,119.18634702742827
1997,0,116,"['comedy', 'drama', 'romance']",8.6,59.0,1,1,1,1,1,623629,57598247.0,92.35979564773287
1995,3,127,"['crime', 'drama', 'mystery']",8.6,65.0,3,2,2,1,1,1445096,100125643.0,69.28649930523648
1991,3,118,"['crime', 'drama', 'thriller']",8.6,85.0,2,1,1,1,1,1270197,130742922.0,102.93121618142698
1977,1,121,"['action', 'adventure', 'fantasy']",8.6,90.0,1,2,2,2,1,1231473,322740140.0,262.07650512841127
1962,-1,133,"['action', 'drama', 'mystery']",8.6,85.0,1,2,1,1,1,42004,23457439.5,558.4572778782973
1954,0,207,"['action', 'adventure', 'drama']",8.6,98.0,3,3,1,1,1,315744,269061.0,0.852149209486166
1946,1,130,"['drama', 'family', 'fantasy']",8.6,89.0,2,3,1,1,1,405801,23457439.5,57.80527771001057
2019,3,122,"['crime', 'drama', 'thriller']",8.5,59.0,2,2,2,1,1,939252,335451311.0,357.14729486868276
2014,3,106,"['drama', 'music']",8.5,88.0,2,1,1,1,2,717585,13092000.0,18.244528522753402
2011,1,112,"['biography', 'comedy', 'drama']",8.5,57.0,1,1,1,1,1,760360,13182281.0,17.336894365826712
2006,0,130,"['drama', 'mystery', 'sci-fi']",8.5,66.0,3,3,1,2,2,1190259,53089891.0,44.603645929163314
2006,3,151,"['crime', 'drama', 'thriller']",8.5,85.0,3,3,2,1,1,1189773,132384315.0,111.26854870634986
2002,3,150,"['biography', 'drama', 'music']",8.5,85.0,2,2,1,1,1,729603,32572577.0,44.64424762507829
2000,1,155,"['action', 'adventure', 'drama']",8.5,67.0,3,2,1,1,1,1341460,187705427.0,139.92621993946895
1998,3,119,['drama'],8.5,62.0,2,2,1,1,1,1034705,6719864.0,6.494473303985194
1995,3,106,"['crime', 'mystery', 'thriller']",8.5,77.0,2,2,2,1,1,991208,23341568.0,23.548607355872836
1994,3,110,"['action', 'crime', 'drama']",8.5,64.0,2,1,2,1,1,1035236,19501238.0,18.83748053583917
1994,0,88,"['animation', 'adventure', 'drama']",8.5,88.0,1,1,1,1,1,942045,422783777.0,448.79361070861796
1991,0,137,"['action', 'sci-fi']",8.5,75.0,2,2,2,1,2,995506,204843350.0,205.768071714284
1988,0,155,"['drama', 'romance']",8.5,80.0,2,1,1,1,1,230763,11990401.0,51.95980724812903
1988,0,89,"['animation', 'drama', 'war']",8.5,94.0,2,1,1,1,1,235231,23457439.5,99.72086799784041
1985,0,116,"['adventure', 'comedy', 'sci-fi']",8.5,87.0,2,2,2,2,1,1058081,210609762.0,199.0488081725312
1968,0,165,['western'],8.5,80.0,3,2,1,2,1,302844,5321508.0,17.57177953005508
1960,3,109,"['horror', 'mystery', 'thriller']",8.5,97.0,3,1,1,2,1,604211,32000000.0,52.961630953425214
1942,0,102,"['drama', 'romance', 'war']",8.5,100.0,2,3,2,1,1,522093,1024560.0,1.9624089960983964
1936,0,87,"['comedy', 'drama', 'family']",8.5,96.0,3,3,2,1,1,217881,163245.0,0.7492392636347364
1931,0,87,"['comedy', 'drama', 'romance']",8.5,99.0,3,3,1,1,1,167839,19181.0,0.11428213943124066
2018,3,126,['drama'],8.4,75.0,1,1,1,1,1,62635,1661096.0,26.52025225512892
2017,-1,125,"['biography', 'drama', 'history']",8.4,79.0,1,2,1,1,1,34112,23457439.5,687.6594600140713
2017,1,147,"['action', 'crime', 'drama']",8.4,79.0,1,1,2,1,1,28401,23457439.5,825.9370972853069
2016,0,106,"['animation', 'drama', 'fantasy']",8.4,79.0,1,1,1,1,1,194838,5017246.0,25.75085968856178
2016,0,161,"['action', 'biography', 'drama']",8.4,79.0,2,3,1,1,2,156479,12391761.0,79.1912077658983
2018,0,117,"['animation', 'action', 'adventure']",8.4,87.0,1,1,1,1,1,375110,190241310.0,507.1613926581536
2019,1,181,"['action', 'adventure', 'drama']",8.4,78.0,2,2,2,1,2,809955,858373000.0,1059.7786296769573
2018,1,149,"['action', 'adventure', 'sci-fi']",8.4,68.0,2,2,2,1,2,834477,678815482.0,813.4621829001878
2017,0,105,"['animation', 'adventure', 'family']",8.4,81.0,2,1,1,1,1,384171,209726015.0,545.9183931114009
2012,3,165,"['drama', 'western']",8.4,81.0,3,2,1,1,2,1357682,162805434.0,119.91426121875372
2012,1,164,"['action', 'adventure']",8.4,78.0,3,3,2,1,1,1516346,448139099.0,295.5388143603109
2009,1,170,"['comedy', 'drama']",8.4,67.0,2,3,2,1,2,344445,6532908.0,18.966476505683055
2007,0,165,"['drama', 'family']",8.4,79.0,1,1,1,1,1,168895,1223869.0,7.246330560407354
2008,0,98,"['animation', 'adventure', 'family']",8.4,95.0,2,1,1,1,1,999790,223808164.0,223.85517358645316
2006,3,137,"['drama', 'mystery', 'thriller']",8.4,89.0,1,1,1,1,2,358685,11286112.0,31.465246664900956
2003,3,101,"['action', 'drama', 'mystery']",8.4,77.0,2,1,1,1,1,515451,707481.0,1.3725475360412531
2000,1,113,"['mystery', 'thriller']",8.4,80.0,3,1,1,1,1,1125712,25544867.0,22.692186811546826
1997,0,134,"['animation', 'action', 'adventure']",8.4,76.0,3,1,1,1,1,343171,2375308.0,6.92164547703623
1984,3,229,"['crime', 'drama']",8.4,79.0,3,3,1,1,1,311365,5321508.0,17.090899747884315
1981,3,115,"['action', 'adventure']",8.4,85.0,3,2,1,1,1,884112,248159971.0,280.6883867654777
1980,3,146,"['drama', 'horror']",8.4,66.0,3,2,1,1,1,898237,44017374.0,49.0041870909348
1979,3,147,"['drama', 'mystery', 'war']",8.4,94.0,2,2,2,2,2,606398,83471511.0,137.65136263642032
1979,3,117,"['horror', 'sci-fi']",8.4,89.0,3,2,1,1,1,787806,78900000.0,100.15156015567284
1971,0,122,"['drama', 'musical']",8.4,79.0,1,1,2,1,1,30273,23457439.5,774.8633931225845
1963,-1,143,"['crime', 'drama', 'mystery']",8.4,79.0,3,3,1,2,1,34357,23457439.5,682.7557557411881
1964,3,95,['comedy'],8.4,97.0,3,2,1,2,1,450474,275902.0,0.6124704200464399
1957,0,116,"['crime', 'drama', 'mystery']",8.4,79.0,3,1,1,1,1,108862,8175000.0,75.09507449798828
1957,3,88,"['drama', 'war']",8.4,90.0,3,2,1,1,1,178092,23457439.5,131.71529041169734
1954,0,112,"['mystery', 'thriller']",8.4,100.0,3,3,2,1,1,444074,36764313.0,82.78870863865032
1950,0,110,"['drama', 'film-noir']",8.4,79.0,3,2,1,1,1,201632,23457439.5,116.3378803959689
1940,0,125,"['comedy', 'drama', 'war']",8.4,79.0,3,3,2,1,1,203150,288475.0,1.420009844942161
2019,3,119,"['drama', 'thriller', 'war']",8.3,78.0,2,1,2,1,1,425844,159227644.0,373.91073726528964
2018,3,104,"['drama', 'fantasy', 'horror']",8.3,79.0,1,1,1,1,1,27793,23457439.5,844.0053070917137
2018,1,139,"['crime', 'drama', 'music']",8.3,79.0,1,2,2,1,1,71875,1373943.0,19.115728695652173
2013,0,160,"['crime', 'drama', 'thriller']",8.3,79.0,1,1,1,1,1,30722,23457439.5,763.5388158323026
2012,3,115,['drama'],8.3,77.0,2,2,2,1,1,281623,687185.0,2.4400883450570445
2011,2,123,['drama'],8.3,95.0,2,1,1,1,1,220002,7098492.0,32.2655794038236
2010,3,131,"['drama', 'mystery', 'war']",8.3,80.0,2,1,1,1,1,150023,6857096.0,45.70696493204375
2019,2,132,['drama'],8.3,79.0,1,1,1,1,1,33935,23457439.5,691.246191247974
2005,-1,112,"['drama', 'family']",8.3,79.0,1,1,1,1,1,78925,23457439.5,297.2117770034843
2009,3,153,"['adventure', 'drama', 'war']",8.3,69.0,3,2,1,1,1,1267869,120540719.0,95.07348077758822
2004,1,108,"['drama', 'romance', 'sci-fi']",8.3,89.0,1,2,2,1,1,911664,34400301.0,37.73353011635866
2001,0,122,"['comedy', 'romance']",8.3,69.0,2,2,1,1,1,703810,33225499.0,47.20805188900413
2000,1,104,"['comedy', 'crime']",8.3,55.0,2,1,2,2,1,782001,30328156.0,38.78275858982278
2000,3,102,['drama'],8.3,68.0,2,2,1,2,1,766870,3635482.0,4.740675733827115
1999,1,122,['drama'],8.3,84.0,2,2,1,1,1,1069738,130096601.0,121.6153871321763
1997,0,126,"['drama', 'romance']",8.3,70.0,1,2,2,1,2,861606,138433435.0,160.66907031752334
1997,1,89,"['drama', 'family', 'sport']",8.3,77.0,1,1,1,1,1,65341,933933.0,14.293215592047872
1995,0,81,"['animation', 'adventure', 'comedy']",8.3,95.0,2,3,2,2,1,887429,191796233.0,216.12572160702433
1995,3,178,"['biography', 'drama', 'history']",8.3,68.0,2,2,1,1,1,959181,75600000.0,78.81724095869288
1992,3,99,"['crime', 'drama', 'thriller']",8.3,79.0,3,1,1,2,1,918562,2832029.0,3.0831114285154406
1987,1,116,"['drama', 'war']",8.3,76.0,3,1,1,1,1,675146,46357676.0,68.66318692549463
1985,3,142,"['drama', 'thriller', 'war']",8.3,79.0,1,1,1,1,1,59056,23457439.5,397.20671057978865
1986,0,137,"['action', 'adventure', 'sci-fi']",8.3,84.0,2,2,1,1,2,652719,85160248.0,130.4700001072437
1984,3,160,"['biography', 'drama', 'history']",8.3,88.0,2,1,1,1,1,369007,51973029.0,140.84564520456252
1983,3,170,"['crime', 'drama']",8.3,65.0,2,3,2,1,1,740911,45598982.0,61.54447970134065
1983,0,131,"['action', 'adventure', 'fantasy']",8.3,58.0,1,2,2,2,2,950470,309125409.0,325.2342619966964
1981,3,149,"['adventure', 'drama', 'thriller']",8.3,86.0,1,1,1,1,1,231855,11487676.0,49.54681158482672
1976,3,114,"['crime', 'drama']",8.3,94.0,3,3,1,2,2,724636,28262574.0,39.00244260566684
1973,0,129,"['comedy', 'crime', 'drama']",8.3,83.0,2,2,2,2,1,241513,159600000.0,660.8339923730814
1971,3,136,"['crime', 'drama', 'sci-fi']",8.3,77.0,3,1,1,1,1,757904,6207725.0,8.190648155966983
1968,0,149,"['adventure', 'sci-fi']",8.3,84.0,3,1,1,1,1,603517,56954992.0,94.37181057037333
1965,0,132,['western'],8.3,74.0,3,3,1,1,1,232772,15000000.0,64.44074029522451
1962,0,228,"['adventure', 'biography', 'drama']",8.3,100.0,2,2,2,1,1,268085,44824144.0,167.20123841318986
1960,0,125,"['comedy', 'drama', 'romance']",8.3,94.0,3,2,2,1,1,164363,18600000.0,113.16415494971496
1959,0,136,"['adventure', 'mystery', 'thriller']",8.3,98.0,3,3,1,1,1,299198,13275000.0,44.368612089653006
1958,3,128,"['mystery', 'romance', 'thriller']",8.3,100.0,3,3,1,1,1,364368,3200000.0,8.782329952136301
1952,0,103,"['comedy', 'musical', 'romance']",8.3,99.0,2,1,1,1,1,218957,8819028.0,40.2774426028855
1952,-1,143,['drama'],8.3,79.0,3,1,1,1,1,68463,55240.0,0.8068591794107767
1948,-1,89,['drama'],8.3,79.0,1,1,1,1,1,146427,332930.0,2.27369269328744
1944,0,107,"['crime', 'drama', 'film-noir']",8.3,95.0,3,1,1,1,1,143525,5720000.0,39.85368402717297
1941,1,119,"['drama', 'mystery']",8.3,100.0,2,2,2,1,1,403351,1585634.0,3.9311517759965886
1931,0,117,"['crime', 'mystery', 'thriller']",8.3,79.0,2,1,1,1,1,143434,28877.0,0.20132604542855947
1927,-1,153,"['drama', 'sci-fi']",8.3,98.0,2,1,1,1,1,159992,1236166.0,7.72642382119106
1921,0,68,"['comedy', 'drama', 'family']",8.3,79.0,3,3,1,1,1,113314,5450000.0,48.09643998093792
2019,1,143,"['comedy', 'drama']",8.2,79.0,2,2,1,1,1,33893,898575.0,26.512111645472515
2018,1,138,"['action', 'drama', 'war']",8.2,79.0,1,1,1,1,1,43444,4186168.0,96.357793941626
2018,1,156,"['action', 'drama']",8.2,79.0,1,1,1,1,1,36680,23457439.5,639.5157988004362
2018,1,130,"['biography', 'comedy', 'drama']",8.2,69.0,1,2,1,1,1,377884,85080171.0,225.14891077685215
2017,3,115,"['comedy', 'crime', 'drama']",8.2,88.0,2,1,1,1,1,432610,54513740.0,126.01128036799889
2015,1,132,"['crime', 'drama', 'mystery']",8.2,79.0,2,2,1,1,1,31142,342370.0,10.993834692697964
2017,1,167,"['action', 'drama']",8.2,79.0,2,2,2,1,1,75348,20186659.0,267.91234007538355
2019,1,96,"['animation', 'adventure', 'comedy']",8.2,65.0,1,1,1,1,1,104761,23457439.5,223.91385630148625
2015,1,163,"['crime', 'drama', 'mystery']",8.2,79.0,1,1,1,1,1,70367,739478.0,10.50887489874515
2013,1,146,"['adventure', 'comedy', 'drama']",8.2,79.0,1,1,1,1,1,60701,1429534.0,23.550419268216338
2013,-1,87,"['drama', 'war']",8.2,73.0,1,1,1,1,1,40382,144501.0,3.578351740874647
2013,0,186,"['biography', 'drama', 'sport']",8.2,79.0,2,1,1,1,1,61137,1626289.0,26.600732780476633
2012,3,321,"['action', 'comedy', 'crime']",8.2,89.0,2,1,1,2,1,82365,23457439.5,284.798634128574
2010,1,134,['drama'],8.2,79.0,1,1,1,1,1,42341,7461.0,0.17621218204577124
2012,1,135,"['action', 'biography', 'crime']",8.2,79.0,1,2,2,1,1,33237,39567.0,1.1904504016607997
2009,3,129,"['drama', 'mystery', 'romance']",8.2,80.0,1,2,1,1,1,193217,6391436.0,33.07905619070786
2011,1,140,"['action', 'drama', 'sport']",8.2,71.0,1,2,1,1,1,435950,13657115.0,31.327250831517375
2010,3,138,"['mystery', 'thriller']",8.2,63.0,3,3,1,2,1,1129894,128012934.0,113.29641010572674
2009,0,96,"['animation', 'adventure', 'comedy']",8.2,88.0,2,1,1,1,1,935507,293004164.0,313.2036040350313
2013,3,180,"['biography', 'crime', 'drama']",8.2,75.0,3,3,1,2,1,1187498,116900694.0,98.44285548270398
2007,0,153,"['drama', 'family', 'sport']",8.2,68.0,1,2,1,1,1,74129,1113541.0,15.021664935450364
2007,3,158,['drama'],8.2,93.0,2,2,1,2,1,517359,40222514.0,77.74584766090858
2006,1,118,"['drama', 'fantasy', 'war']",8.2,98.0,1,1,1,1,1,618623,37634615.0,60.836106966601626
2010,0,103,"['animation', 'adventure', 'comedy']",8.2,92.0,2,3,2,1,1,757032,415004880.0,548.1999175728371
2005,3,132,"['action', 'drama', 'sci-fi']",8.2,62.0,1,1,1,1,1,1032749,70511035.0,68.27509394828753
2006,1,167,"['comedy', 'crime', 'drama']",8.2,79.0,2,3,1,1,2,111937,2197331.0,19.630068699357675
2005,0,122,['drama'],8.2,79.0,1,1,1,1,1,33354,733094.0,21.979192900401753
2005,1,140,"['action', 'adventure']",8.2,70.0,3,3,2,1,1,1308302,206852432.0,158.10755620644164
2004,0,210,['drama'],8.2,79.0,2,2,1,1,1,83005,1223240.0,14.73694355761701
2004,3,156,"['biography', 'drama', 'history']",8.2,82.0,2,2,1,1,1,331308,5509040.0,16.628152655535033
2004,0,119,"['animation', 'adventure', 'family']",8.2,80.0,3,1,1,1,1,333915,4711096.0,14.108668373687914
2001,1,135,"['biography', 'drama']",8.2,72.0,2,2,2,2,2,848920,170742341.0,201.12889435989257
2000,0,156,"['action', 'comedy', 'crime']",8.2,79.0,1,2,1,2,2,57057,23457439.5,411.12290341237707
1998,3,107,"['action', 'comedy', 'crime']",8.2,66.0,2,1,1,1,1,535216,3897569.0,7.282235583390631
1997,3,138,"['crime', 'drama', 'mystery']",8.2,90.0,1,2,2,1,1,531967,64616940.0,121.46794819979435
1996,-1,128,"['crime', 'drama', 'thriller']",8.2,79.0,1,1,1,1,1,64118,23457439.5,365.8479600112293
1995,3,170,"['crime', 'drama', 'thriller']",8.2,76.0,2,3,2,2,1,577113,67436818.0,116.85201684938652
1995,3,178,"['crime', 'drama']",8.2,73.0,3,3,1,2,1,466276,42438300.0,91.01540718372809
1994,0,160,"['action', 'comedy', 'romance']",8.2,79.0,1,3,1,1,1,49300,23457439.5,475.8101318458418
1992,3,130,"['drama', 'western']",8.2,85.0,3,3,1,2,1,375935,101157447.0,269.0822801814143
1989,0,127,"['action', 'adventure']",8.2,65.0,3,2,2,1,1,692366,197171806.0,284.7797349956526
1988,3,142,"['comedy', 'crime', 'drama']",8.2,79.0,2,1,1,1,1,26402,280015.0,10.60582531626392
1988,0,86,"['animation', 'family', 'fantasy']",8.2,86.0,3,1,1,1,1,291180,1105564.0,3.796840442338073
1988,3,132,"['action', 'thriller']",8.2,72.0,2,2,1,1,1,793164,83008852.0,104.65534492236158
1985,0,162,"['action', 'drama', 'war']",8.2,96.0,3,2,1,1,1,112505,4135750.0,36.76058841829252
1980,3,129,"['biography', 'drama', 'sport']",8.2,89.0,3,3,1,2,1,321860,23383987.0,72.65266575529733
1979,0,162,"['drama', 'sci-fi']",8.2,79.0,2,1,1,1,1,116945,234723.0,2.0071230065415366
1978,0,99,"['drama', 'music']",8.2,79.0,3,1,2,1,1,26875,23457439.5,872.8349581395349
1976,1,177,"['biography', 'drama', 'history']",8.2,79.0,1,2,1,1,1,43885,23457439.5,534.520667654096
1975,0,204,"['action', 'adventure', 'comedy']",8.2,79.0,1,1,1,1,1,51284,23457439.5,457.40268894781997
1975,1,91,"['adventure', 'comedy', 'fantasy']",8.2,91.0,2,1,1,1,1,500875,1229197.0,2.4540993261791866
1963,0,172,"['adventure', 'drama', 'history']",8.2,86.0,2,2,2,1,1,224730,12100000.0,53.84238864415076
1962,0,129,"['crime', 'drama']",8.2,88.0,1,2,1,1,1,293811,23457439.5,79.838533955502
1961,-1,110,"['action', 'drama', 'thriller']",8.2,79.0,3,3,1,2,1,111244,23457439.5,210.8647612455503
1961,3,179,"['drama', 'war']",8.2,60.0,2,2,1,1,1,69458,23457439.5,337.72120562066283
1959,0,121,"['comedy', 'music', 'romance']",8.2,98.0,3,1,2,2,1,243943,25000000.0,102.48295708423689
1957,0,91,"['drama', 'romance']",8.2,88.0,3,1,1,1,2,96381,23457439.5,243.3824042082983
1957,3,96,"['drama', 'fantasy', 'history']",8.2,88.0,3,2,1,1,1,164939,23457439.5,142.21887788818896
1955,-1,118,"['crime', 'drama', 'thriller']",8.2,97.0,1,1,1,1,1,28810,57226.0,1.9863241929885456
1954,3,105,"['crime', 'thriller']",8.2,75.0,3,2,2,1,1,158335,12562.0,0.07933811223039758
1953,0,136,['drama'],8.2,79.0,1,1,1,1,1,53153,23457439.5,441.3192011739695
1950,-1,88,"['crime', 'drama', 'mystery']",8.2,98.0,3,3,1,1,2,152572,96568.0,0.6329339590488425
1950,0,138,['drama'],8.2,98.0,2,2,1,2,1,120539,10177.0,0.08442910593251976
1948,0,126,"['adventure', 'drama', 'western']",8.2,98.0,2,3,1,1,1,114304,5014000.0,43.86548152295633
1942,0,99,"['comedy', 'war']",8.2,86.0,2,1,1,1,1,29915,23457439.5,784.1363697141902
1925,0,95,"['adventure', 'comedy', 'drama']",8.2,79.0,3,3,1,1,1,101053,5450000.0,53.932095039236835
1924,0,45,"['action', 'comedy', 'romance']",8.2,79.0,1,2,1,1,1,41985,977375.0,23.27914731451709
2019,3,122,"['drama', 'romance']",8.1,95.0,1,1,1,1,1,63134,3759854.0,59.5535527607945
2016,1,136,"['drama', 'thriller']",8.1,79.0,1,1,2,1,1,39216,1241223.0,31.65093329253366
2016,2,130,"['animation', 'drama', 'family']",8.1,78.0,1,1,1,1,1,47708,23457439.5,491.68775677035296
2016,3,106,"['crime', 'drama', 'mystery']",8.1,79.0,2,1,1,1,1,141516,23457439.5,165.7582146188417
2016,3,145,"['drama', 'romance', 'thriller']",8.1,84.0,2,1,2,1,1,113649,2006788.0,17.657770855880827
2014,3,139,['drama'],8.1,74.0,1,1,1,1,1,50700,3492754.0,68.8906114398422
2014,1,160,"['action', 'crime', 'drama']",8.1,79.0,1,2,2,1,1,50445,901610.0,17.873129150560015
2017,3,137,"['action', 'drama', 'sci-fi']",8.1,77.0,2,2,1,1,1,647884,226277068.0,349.25552722400926
2015,3,118,"['drama', 'thriller']",8.1,86.0,1,2,1,1,1,371538,14677674.0,39.50517578282706
2014,3,122,"['comedy', 'drama', 'thriller']",8.1,77.0,1,1,1,1,1,177059,3107072.0,17.548229686149813
2020,0,100,"['animation', 'adventure', 'comedy']",8.1,83.0,2,1,2,1,1,159171,23457439.5,147.372571008538
2014,-1,196,['drama'],8.1,88.0,2,1,1,2,1,46547,165520.0,3.5559756804949836
2014,1,153,"['comedy', 'drama', 'musical']",8.1,79.0,2,3,1,1,2,163061,10616104.0,65.10510790440388
2012,0,125,"['comedy', 'drama', 'fantasy']",8.1,79.0,1,1,1,1,1,51739,923221.0,17.84381221129129
2014,1,99,"['adventure', 'comedy', 'crime']",8.1,88.0,3,1,1,1,1,707630,59100318.0,83.51867218744259
2014,3,149,"['drama', 'mystery', 'thriller']",8.1,79.0,3,2,1,1,1,859695,167767189.0,195.14733597380467
2012,0,117,"['animation', 'drama', 'fantasy']",8.1,71.0,2,1,1,1,2,38803,23457439.5,604.5264412545422
2016,3,139,"['biography', 'drama', 'history']",8.1,71.0,2,1,1,1,1,435928,67209615.0,154.17595336844616
2015,0,95,"['animation', 'adventure', 'comedy']",8.1,94.0,2,1,1,1,1,616228,356461711.0,578.4575043652674
2012,0,151,"['comedy', 'drama', 'romance']",8.1,79.0,1,2,1,1,2,75721,2804874.0,37.04222078419461
2013,3,134,"['biography', 'drama', 'history']",8.1,96.0,1,1,1,1,2,640533,56671993.0,88.47630488983394
2013,1,123,"['action', 'biography', 'drama']",8.1,74.0,2,2,1,1,2,432811,26947624.0,62.26187412057457
2019,1,152,"['action', 'biography', 'drama']",8.1,81.0,2,2,2,1,1,291289,117624028.0,403.8052518289396
2015,3,129,"['biography', 'crime', 'drama']",8.1,93.0,2,2,1,2,2,420316,45055776.0,107.19500566240637
2014,1,93,"['animation', 'adventure', 'drama']",8.1,85.0,2,1,2,1,1,51679,857524.0,16.593277733702276
2012,1,122,"['mystery', 'thriller']",8.1,79.0,1,1,1,1,1,57806,1035953.0,17.92120195135453
2011,0,155,"['comedy', 'drama']",8.1,79.0,2,1,1,1,1,67927,3108485.0,45.76214171095441
2013,3,153,"['crime', 'drama', 'mystery']",8.1,70.0,2,2,1,1,2,601149,61002302.0,101.4761764554212
2015,1,120,"['action', 'adventure', 'sci-fi']",8.1,90.0,2,2,1,1,1,882316,154058340.0,174.6067622031109
2008,1,104,"['action', 'crime', 'drama']",8.1,79.0,2,1,1,1,1,73891,23457439.5,317.4600357283025
2008,3,116,['drama'],8.1,72.0,3,3,1,1,1,720450,148095302.0,205.55944479144978
2011,1,130,"['adventure', 'drama', 'fantasy']",8.1,85.0,2,3,3,2,2,764493,381011219.0,498.38418271978946
2008,2,130,"['drama', 'music']",8.1,68.0,1,1,1,1,1,48582,1498210.0,30.83878802848792
2009,0,93,"['biography', 'drama', 'family']",8.1,79.0,2,2,1,1,1,253575,23457439.5,92.506909198462
2009,-1,92,"['animation', 'comedy', 'drama']",8.1,79.0,1,1,1,1,1,164462,23457439.5,142.63136469214774
2010,0,98,"['animation', 'action', 'adventure']",8.1,75.0,2,1,1,2,1,666773,217581231.0,326.3197984921405
2007,3,148,"['adventure', 'biography', 'drama']",8.1,73.0,1,1,1,2,1,572921,18354356.0,32.03645179701913
2007,3,122,"['crime', 'drama', 'thriller']",8.1,91.0,2,2,2,1,2,856916,74283625.0,86.68717237162102
2006,0,144,"['comedy', 'drama', 'romance']",8.1,79.0,2,2,2,1,2,43137,2217561.0,51.40739968008902
2004,1,132,"['drama', 'sport']",8.1,86.0,3,1,2,2,1,635975,100492203.0,158.01281968630843
2004,2,121,"['biography', 'drama', 'history']",8.1,79.0,1,2,1,1,1,334320,23530892.0,70.38433835845896
2004,3,140,"['action', 'drama', 'war']",8.1,64.0,1,1,2,1,1,37820,1111061.0,29.377604442094132
2004,3,80,"['drama', 'romance']",8.1,90.0,3,2,2,1,1,236311,5820649.0,24.63130789510433
2003,0,156,"['comedy', 'drama', 'musical']",8.1,79.0,2,2,2,2,1,73992,23457439.5,317.0266988323062
2003,1,131,"['crime', 'drama', 'mystery']",8.1,82.0,2,2,1,1,1,139558,14131.0,0.10125539202338812
2001,-1,183,"['comedy', 'drama', 'romance']",8.1,79.0,1,3,1,1,1,66803,300000.0,4.490816280705956
2003,3,111,"['action', 'crime', 'drama']",8.1,69.0,3,2,2,1,1,1000639,70099045.0,70.0542803148788
2003,0,100,"['animation', 'adventure', 'comedy']",8.1,90.0,2,1,1,1,1,949565,380843261.0,401.0712915914129
2002,3,141,"['biography', 'crime', 'drama']",8.1,75.0,3,3,1,1,1,832846,164615351.0,197.65400926461794
2000,3,154,"['drama', 'thriller']",8.1,83.0,2,1,2,1,1,223741,5383834.0,24.06279582195485
2001,0,92,"['animation', 'adventure', 'comedy']",8.1,79.0,2,1,2,1,1,815505,289916256.0,355.5051851306859
1997,1,87,"['animation', 'action', 'drama']",8.1,79.0,1,1,1,1,1,38847,23457439.5,603.8417252297475
2001,0,224,"['adventure', 'drama', 'musical']",8.1,84.0,2,3,1,2,1,105036,70147.0,0.6678376937430976
1999,3,107,"['drama', 'mystery', 'thriller']",8.1,64.0,1,2,1,2,1,911573,293506292.0,321.97782514400933
1998,0,169,"['drama', 'music', 'romance']",8.1,58.0,2,1,1,1,1,59020,259127.0,4.3904947475432055
1998,0,103,"['comedy', 'drama']",8.1,90.0,2,2,2,1,1,939631,125618201.0,133.68886403279586
1998,3,127,"['comedy', 'crime', 'romance']",8.1,73.0,2,1,1,1,1,50862,348660.0,6.855019464433172
1998,3,117,"['comedy', 'crime', 'sport']",8.1,71.0,3,3,2,2,2,732620,17498804.0,23.885239278206985
2000,0,98,"['drama', 'romance']",8.1,85.0,2,1,1,1,1,124383,2734044.0,21.98084947299872
1996,3,93,['drama'],8.1,83.0,2,2,1,1,1,634716,16501785.0,25.998690753029702
1996,3,98,"['crime', 'drama', 'thriller']",8.1,85.0,3,3,1,2,1,617444,24611975.0,39.86106432324227
1995,-1,170,"['comedy', 'drama', 'war']",8.1,79.0,2,1,1,1,1,55220,171082.0,3.098189061934082
1995,1,98,"['crime', 'drama']",8.1,79.0,1,1,1,1,1,150345,309811.0,2.060667132262463
1995,0,189,"['drama', 'romance']",8.1,79.0,1,2,2,1,1,63516,23457439.5,369.31544020404306
1995,3,101,"['drama', 'romance']",8.1,77.0,3,2,2,1,1,272291,5535405.0,20.32900463107484
1994,0,99,"['drama', 'mystery', 'romance']",8.1,100.0,2,2,1,1,1,90729,4043686.0,44.56883686583121
1994,0,102,"['comedy', 'crime', 'drama']",8.1,77.0,2,1,1,2,1,63122,600200.0,9.508570704350305
1993,1,127,"['action', 'adventure', 'sci-fi']",8.1,68.0,3,2,1,1,1,867615,402453882.0,463.8622914541588
1993,1,133,"['biography', 'crime', 'drama']",8.1,84.0,2,2,1,1,1,156842,25010410.0,159.4624526593642
1993,3,171,"['drama', 'music', 'romance']",8.1,79.0,1,1,1,1,1,25088,5216888.0,207.9435586734694
1991,1,125,"['drama', 'history', 'romance']",8.1,79.0,2,1,1,1,1,29662,2603061.0,87.75743375362417
1989,0,128,"['comedy', 'drama']",8.1,79.0,2,2,1,2,1,425457,95860116.0,225.31093859073889
1986,0,89,"['adventure', 'drama']",8.1,75.0,3,1,1,1,1,363401,52287414.0,143.88351710644716
1986,3,120,"['drama', 'war']",8.1,92.0,2,1,1,2,1,381222,138530565.0,363.3855470041078
1984,0,145,['drama'],8.1,78.0,2,1,1,1,1,91188,2181987.0,23.928444532175288
1984,0,117,"['animation', 'adventure', 'fantasy']",8.1,86.0,3,1,1,1,1,150924,495770.0,3.284898359439188
1982,3,109,"['horror', 'mystery', 'sci-fi']",8.1,57.0,2,1,1,1,1,371271,13782838.0,37.123389653379874
1982,1,95,"['drama', 'fantasy', 'music']",8.1,47.0,2,1,1,1,1,76081,22244207.0,292.37532366819573
1982,3,158,"['adventure', 'drama']",8.1,79.0,2,2,1,1,1,31595,23457439.5,742.4415097325526
1982,3,188,['drama'],8.1,100.0,3,1,1,1,1,57784,4971340.0,86.03315796760349
1982,1,117,"['action', 'sci-fi', 'thriller']",8.1,84.0,3,2,1,1,1,693827,32868943.0,47.37339855612422
1980,1,124,"['biography', 'drama']",8.1,78.0,2,2,2,1,1,220078,23457439.5,106.5869350866511
1979,3,94,['comedy'],8.1,77.0,1,1,1,1,1,367250,20045115.0,54.581660993873385
1978,3,183,"['drama', 'war']",8.1,86.0,1,3,2,1,1,311361,48979328.0,157.3072028931048
1976,0,120,"['drama', 'sport']",8.1,70.0,1,2,1,1,1,518546,117235247.0,226.08456530375318
1976,1,121,['drama'],8.1,83.0,2,1,1,1,1,144911,23457439.5,161.87480246496125
1975,1,185,"['adventure', 'drama', 'history']",8.1,89.0,3,2,1,1,1,149843,23457439.5,156.54678229880608
1975,0,107,"['biography', 'drama']",8.1,79.0,2,1,1,1,1,40081,177345.0,4.424665053267134
1974,1,130,"['drama', 'mystery', 'thriller']",8.1,92.0,2,2,2,1,1,294230,29000000.0,98.56234918261224
1973,0,102,"['comedy', 'crime', 'drama']",8.1,77.0,2,2,1,1,1,42285,30933743.0,731.5535769185291
1972,3,91,['drama'],8.1,79.0,3,1,2,1,1,30206,1742348.0,57.682182347877905
1972,1,167,"['drama', 'mystery', 'sci-fi']",8.1,90.0,2,1,1,1,1,81021,23457439.5,289.52295701114525
1967,1,105,"['crime', 'drama', 'mystery']",8.1,79.0,1,1,2,1,1,45434,39481.0,0.8689747765990228
1967,3,127,"['crime', 'drama']",8.1,92.0,1,2,1,1,1,161984,16217773.0,100.11959823192414
1966,-1,85,"['drama', 'thriller']",8.1,86.0,3,1,2,1,2,103191,23457439.5,227.32059481931563
1966,3,205,"['biography', 'drama', 'history']",8.1,79.0,2,1,1,1,1,46947,102021.0,2.1731101028819735
1966,-1,121,"['drama', 'war']",8.1,96.0,1,1,1,1,1,53089,55908.0,1.0530995121399913
1962,-1,95,"['drama', 'fantasy']",8.1,79.0,2,1,1,1,1,29682,23457439.5,790.291742470184
1962,0,134,"['drama', 'horror', 'thriller']",8.1,75.0,2,2,1,1,1,50058,4050000.0,80.90614886731392
1962,0,96,"['action', 'comedy', 'crime']",8.1,79.0,3,3,1,1,1,33044,23457439.5,709.8849866844208
1962,-1,123,"['drama', 'western']",8.1,94.0,2,3,2,2,1,68827,23457439.5,340.8174045069522
1962,-1,95,"['drama', 'war']",8.1,79.0,2,1,1,1,1,31728,23457439.5,739.3292832829047
1960,3,89,['drama'],8.1,79.0,3,2,1,1,1,26697,1526000.0,57.15998052215605
1960,0,128,"['biography', 'drama', 'history']",8.1,75.0,2,2,1,1,1,27254,23457439.5,860.6971270272254
1959,-1,99,"['crime', 'drama']",8.1,79.0,2,1,1,1,1,105291,23457439.5,222.78674815511297
1959,0,212,"['adventure', 'drama', 'history']",8.1,90.0,2,2,2,1,1,219466,74700000.0,340.3716293184366
1958,-1,139,"['adventure', 'drama']",8.1,79.0,3,3,1,1,1,34797,23457439.5,674.1224674540908
1957,-1,110,['drama'],8.1,79.0,2,1,2,1,1,42940,752045.0,17.513856544014903
1957,-1,110,"['drama', 'history']",8.1,79.0,3,3,1,1,2,46678,23457439.5,502.53737306654097
1957,1,161,"['adventure', 'drama', 'war']",8.1,87.0,2,2,2,1,1,203463,44908000.0,220.71826327145476
1954,3,108,"['crime', 'drama', 'thriller']",8.1,91.0,2,2,2,1,2,142107,9600000.0,67.55472988663472
1953,0,131,"['adventure', 'drama', 'thriller']",8.1,85.0,2,1,1,1,1,54588,23457439.5,429.71787755550673
1951,0,111,"['drama', 'film-noir']",8.1,72.0,3,2,1,1,1,31568,3969893.0,125.75687404967056
1949,-1,114,"['action', 'crime', 'drama']",8.1,79.0,1,1,1,1,1,29807,23457439.5,786.97753883316
1949,0,104,"['film-noir', 'mystery', 'thriller']",8.1,97.0,1,2,2,1,1,158731,449191.0,2.8298883015920016
1948,-1,135,"['drama', 'music', 'romance']",8.1,79.0,2,1,1,1,1,30935,10900000.0,352.35170518829807
1940,-1,99,"['comedy', 'drama', 'romance']",8.1,96.0,2,1,1,1,1,28450,203300.0,7.145869947275923
1940,0,130,"['drama', 'mystery', 'romance']",8.1,86.0,3,2,1,2,1,123942,4360000.0,35.17774442884575
1939,0,129,"['comedy', 'drama']",8.1,73.0,2,3,1,2,1,107017,9600000.0,89.70537391255596
1939,0,238,"['drama', 'history', 'romance']",8.1,97.0,2,2,1,1,1,290074,198676459.0,684.9164661431221
1937,-1,113,"['drama', 'war']",8.1,79.0,2,1,1,1,1,33829,172885.0,5.11055603180703
1934,0,105,"['comedy', 'romance']",8.1,87.0,2,1,1,1,1,94016,4360000.0,46.37508509189925
1928,0,110,"['biography', 'drama', 'history']",8.1,79.0,1,1,1,1,1,47676,21877.0,0.4588681936404061
1928,0,72,"['comedy', 'romance']",8.1,90.0,3,3,1,1,1,30205,23457439.5,776.6078298294984
1927,0,94,"['drama', 'romance']",8.1,79.0,2,1,1,1,1,46865,539540.0,11.512642697108717
1926,0,67,"['action', 'adventure', 'comedy']",8.1,79.0,1,2,1,1,1,81156,1033895.0,12.739600276011632
1920,-1,76,"['fantasy', 'horror', 'mystery']",8.1,79.0,1,1,1,1,1,57428,23457439.5,408.4669412133454
2018,1,124,"['comedy', 'drama']",8.0,79.0,1,2,1,1,2,27978,23457439.5,838.4244585031096
2019,0,113,"['adventure', 'biography', 'drama']",8.0,69.0,1,2,1,1,1,37556,23457439.5,624.5989855149643
2016,1,130,"['drama', 'history']",8.0,79.0,1,2,2,1,1,52897,23457439.5,443.4550069002023
2015,1,163,"['action', 'adventure', 'comedy']",8.0,79.0,1,1,1,2,1,72245,8178001.0,113.19815904214825
2015,1,159,"['action', 'crime', 'thriller']",8.0,79.0,2,2,1,1,1,52848,23457439.5,443.86617279745684
2016,3,128,"['comedy', 'drama', 'music']",8.0,94.0,2,2,2,1,1,505918,151101803.0,298.6685648662432
2016,0,118,"['biography', 'drama']",8.0,69.0,1,1,1,1,1,213970,51739495.0,241.80723933261672
2015,1,144,"['adventure', 'drama', 'sci-fi']",8.0,80.0,3,2,1,1,1,760094,228433663.0,300.5334379695143
2016,0,108,"['animation', 'adventure', 'comedy']",8.0,78.0,1,1,1,2,1,434143,341268248.0,786.0733629241978
2015,1,159,"['action', 'drama']",8.0,79.0,2,2,2,1,1,102972,6738000.0,65.43526395524997
2013,0,137,"['animation', 'adventure', 'drama']",8.0,89.0,2,1,1,1,1,38746,1506975.0,38.89369225210344
2017,0,113,"['drama', 'family']",8.0,66.0,2,1,1,1,1,141923,132422809.0,933.0609485425196
2019,1,154,"['drama', 'music', 'romance']",8.0,65.0,2,1,1,1,1,31886,5566534.0,174.5761149093646
2013,1,144,"['crime', 'drama', 'thriller']",8.0,79.0,2,2,1,1,1,51069,1079369.0,21.135502946993284
2013,3,96,['drama'],8.0,82.0,2,2,1,1,1,81770,1010414.0,12.356781215604745
2014,3,150,"['action', 'crime', 'thriller']",8.0,71.0,2,2,1,1,1,114316,2625803.0,22.96968928234018
2014,1,114,"['biography', 'drama', 'thriller']",8.0,73.0,1,1,1,1,1,685201,91125683.0,132.99117047406529
2014,1,121,"['action', 'adventure', 'comedy']",8.0,76.0,2,2,1,1,1,1043455,333176600.0,319.3013594261372
2017,1,164,"['action', 'drama', 'mystery']",8.0,81.0,2,2,1,2,1,461823,92054159.0,199.32779224941157
2013,3,126,"['drama', 'romance', 'sci-fi']",8.0,90.0,2,2,1,2,2,540772,25568251.0,47.28101861782785
2018,1,134,"['biography', 'drama', 'music']",8.0,49.0,2,1,1,1,1,450349,216428042.0,480.57848912732123
2015,3,156,"['action', 'adventure', 'drama']",8.0,76.0,2,3,2,1,2,705589,183637894.0,260.2618436511907
2012,1,103,"['drama', 'romance']",8.0,67.0,2,1,3,1,1,462252,17738570.0,38.374241755579206
2010,-1,115,"['action', 'crime', 'drama']",8.0,71.0,2,2,1,1,2,79200,100119.0,1.264128787878788
2010,0,118,"['biography', 'drama', 'history']",8.0,88.0,1,2,2,1,1,639603,138797449.0,217.0056253644839
2011,1,146,['drama'],8.0,62.0,1,1,1,1,2,428521,169708112.0,396.0321944548809
2016,3,108,"['action', 'adventure', 'comedy']",8.0,65.0,1,2,1,1,1,902669,363070709.0,402.21909581474495
2009,1,119,"['drama', 'mystery']",8.0,87.0,2,1,1,1,1,45803,106662.0,2.328712093094339
2009,3,144,"['drama', 'romance']",8.0,79.0,2,1,2,1,1,28749,10950.0,0.38088281331524576
2008,3,106,"['action', 'biography', 'drama']",8.0,59.0,1,1,1,1,1,211427,23457439.5,110.94817360129028
2010,1,165,['drama'],8.0,50.0,1,2,2,1,1,98575,4018695.0,40.76789246766422
2009,-1,128,"['action', 'drama', 'thriller']",8.0,79.0,1,2,1,1,1,31838,23457439.5,736.7749073434261
2008,1,120,"['drama', 'romance']",8.0,84.0,2,1,1,1,2,798882,141319928.0,176.89712373041326
2010,3,108,"['drama', 'thriller']",8.0,79.0,2,1,1,1,1,699673,106954678.0,152.86380637812235
2007,3,115,"['action', 'crime', 'drama']",8.0,33.0,2,2,1,1,2,98097,8060.0,0.08216357279019745
2012,1,143,"['action', 'adventure', 'sci-fi']",8.0,69.0,2,2,2,2,1,1260806,623279547.0,494.35008002817244
2007,2,96,"['animation', 'biography', 'drama']",8.0,90.0,1,1,1,1,1,88656,4445756.0,50.14613788124887
2013,3,117,"['biography', 'drama']",8.0,80.0,2,2,1,2,1,441614,27298285.0,61.81480886022635
2006,0,117,"['biography', 'drama']",8.0,64.0,2,2,1,1,1,448930,163566459.0,364.34735704898316
2006,3,143,"['adventure', 'drama', 'thriller']",8.0,64.0,2,3,1,2,1,499439,57366262.0,114.86139848910477
2007,1,115,"['action', 'mystery', 'thriller']",8.0,85.0,2,2,1,2,1,604694,227471070.0,376.175503643165
2004,0,88,"['crime', 'drama', 'romance']",8.0,72.0,2,1,1,1,1,50610,238507.0,4.712645722189291
2005,3,124,"['crime', 'thriller']",8.0,74.0,1,1,1,1,2,738512,74103820.0,100.34206620880906
2007,2,112,"['biography', 'drama']",8.0,92.0,1,2,1,1,1,103284,5990075.0,57.99615622942566
2004,-1,127,"['adventure', 'comedy', 'sci-fi']",8.0,79.0,1,1,1,1,1,56960,23457439.5,411.8230249297753
2007,0,111,"['animation', 'adventure', 'comedy']",8.0,96.0,2,1,1,1,1,641645,206445654.0,321.74435084821044
2006,2,144,"['action', 'adventure', 'thriller']",8.0,80.0,1,2,1,1,1,582239,167445960.0,287.58973548663005
2004,3,137,"['action', 'crime', 'thriller']",8.0,83.0,3,2,2,2,1,683900,66208183.0,96.80974265243457
2003,-1,110,['drama'],8.0,82.0,2,1,1,1,1,42399,502028.0,11.840562277412204
2003,3,103,"['drama', 'romance']",8.0,85.0,2,1,1,1,1,77520,2380788.0,30.711919504643962
2014,0,126,"['biography', 'drama']",8.0,74.0,2,1,1,1,1,77554,2086345.0,26.901836139979885
2005,1,144,"['biography', 'drama', 'history']",8.0,69.0,2,2,1,1,1,176151,61649911.0,349.98331545094834
2003,0,186,"['comedy', 'drama', 'musical']",8.0,54.0,1,1,1,1,1,63460,1787378.0,28.16542704065553
2002,1,101,"['action', 'crime', 'drama']",8.0,75.0,1,1,1,2,1,117857,169659.0,1.4395326539789746
2003,1,143,"['action', 'adventure', 'fantasy']",8.0,63.0,1,3,2,2,1,1015122,305413918.0,300.86424882920477
2003,0,125,"['adventure', 'drama', 'fantasy']",8.0,58.0,2,2,1,1,1,415218,66257002.0,159.57160335052913
2004,0,115,"['animation', 'action', 'adventure']",8.0,90.0,2,2,1,1,1,657047,261441092.0,397.9031819641517
2001,-1,137,"['comedy', 'drama', 'romance']",8.0,79.0,1,1,1,1,1,45403,23457439.5,516.6495495892342
2003,3,178,"['crime', 'drama']",8.0,60.0,2,2,1,2,1,137963,1530386.0,11.09272776034154
2001,-1,110,"['comedy', 'drama']",8.0,79.0,1,1,2,2,1,33592,23457439.5,698.3043432960228
2001,3,113,"['drama', 'mystery', 'sci-fi']",8.0,88.0,1,3,1,1,1,740086,1480006.0,1.9997757017427704
1999,3,188,['drama'],8.0,77.0,2,3,1,1,2,289742,22455976.0,77.50335125732548
2000,0,140,"['crime', 'drama', 'musical']",8.0,61.0,2,1,1,2,1,102285,4184036.0,40.90566554235714
1999,0,112,"['biography', 'drama']",8.0,86.0,2,1,2,1,1,82002,6203044.0,75.64503304797444
1997,3,81,"['animation', 'crime', 'mystery']",8.0,79.0,2,1,1,1,1,58192,776665.0,13.34659403354413
1998,3,105,['drama'],8.0,82.0,2,2,1,1,2,78341,1647780.0,21.03343077060543
1998,3,110,['drama'],8.0,80.0,2,1,1,1,1,36419,5595428.0,153.6403525632225
1999,1,86,"['animation', 'action', 'adventure']",8.0,85.0,2,1,1,1,2,172083,23159305.0,134.58217836741574
1997,-1,87,"['action', 'crime', 'comedy']",8.0,79.0,1,1,1,1,1,27721,3296.0,0.1188990296165362
1996,3,135,['drama'],8.0,84.0,1,1,1,1,1,86838,24475416.0,281.8514475229738
1996,0,136,"['comedy', 'drama']",8.0,91.0,2,1,1,1,1,37564,13417292.0,357.18485784261526
1995,3,129,"['mystery', 'sci-fi', 'thriller']",8.0,74.0,2,2,2,2,1,578443,57141459.0,98.78494337385014
1995,1,83,"['animation', 'action', 'crime']",8.0,76.0,1,1,1,1,1,129231,515905.0,3.9921148950329255
1993,0,76,"['animation', 'family', 'fantasy']",8.0,82.0,2,1,1,1,1,300208,75082668.0,250.10215583861856
1993,0,101,"['comedy', 'fantasy', 'romance']",8.0,72.0,1,2,1,1,1,577991,70906973.0,122.67833409170731
1993,3,180,"['crime', 'drama']",8.0,47.0,2,1,1,1,1,28825,4496583.0,155.99594102341717
1992,1,156,['drama'],8.0,59.0,1,3,1,1,1,263918,63895607.0,242.10401336778847
1992,0,90,"['animation', 'adventure', 'comedy']",8.0,86.0,2,2,1,1,1,373845,217350219.0,581.3912691088552
1991,1,189,"['drama', 'history', 'thriller']",8.0,72.0,2,2,2,2,1,142110,70405498.0,495.42958271761313
1991,0,84,"['animation', 'family', 'fantasy']",8.0,95.0,1,1,1,1,1,417178,218967620.0,524.8781575250853
1990,0,181,"['adventure', 'drama', 'western']",8.0,72.0,1,2,1,1,1,240266,184208848.0,766.6871217733678
1989,3,120,"['comedy', 'drama']",8.0,93.0,2,1,1,1,1,89429,27545445.0,308.014682038265
1988,0,133,['drama'],8.0,65.0,2,2,1,1,1,473064,178800000.0,377.9615443153569
1988,1,124,"['animation', 'action', 'sci-fi']",8.0,79.0,1,1,1,1,1,164918,553171.0,3.354218460083193
1987,0,98,"['adventure', 'family', 'fantasy']",8.0,77.0,3,2,1,1,1,393899,30857814.0,78.33940680225133
1987,0,128,"['drama', 'fantasy', 'romance']",8.0,79.0,2,2,1,1,1,64722,3333969.0,51.51214424770557
1987,0,104,"['drama', 'war']",8.0,88.0,1,1,1,1,1,31163,4542825.0,145.7762410550974
1986,0,125,"['animation', 'adventure', 'drama']",8.0,78.0,3,1,1,1,1,150140,23457439.5,156.237108698548
1984,1,107,"['action', 'sci-fi']",8.0,84.0,2,2,2,1,1,799795,38400000.0,48.012303152682875
1982,0,191,"['biography', 'drama', 'history']",8.0,79.0,1,1,1,1,1,217664,52767889.0,242.42818748162304
1980,0,180,"['drama', 'history', 'war']",8.0,84.0,3,2,1,1,1,32195,23457439.5,728.6050473676037
1979,1,130,"['comedy', 'drama']",8.0,83.0,2,2,2,2,1,65625,30177511.0,459.84778666666665
1977,3,93,"['comedy', 'romance']",8.0,92.0,3,2,2,1,1,251823,39200000.0,155.66489161037714
1975,3,124,"['adventure', 'thriller']",8.0,87.0,3,2,2,1,1,543388,260000000.0,478.47946586969164
1975,0,125,"['biography', 'crime', 'drama']",8.0,86.0,2,3,2,1,1,235652,50000000.0,212.17727835961503
1974,3,106,['comedy'],8.0,80.0,2,2,1,1,1,143359,86300000.0,601.9852259014084
1973,3,151,"['biography', 'crime', 'drama']",8.0,58.0,2,2,1,1,1,121627,53267000.0,437.9537438233287
1973,3,122,['horror'],8.0,81.0,2,2,1,1,1,362393,232906145.0,642.6894145306338
1972,1,138,"['mystery', 'thriller']",8.0,79.0,2,2,2,1,1,44748,4081254.0,91.20528291767229
1971,3,118,"['drama', 'romance']",8.0,93.0,2,1,2,2,1,42456,29133000.0,686.1927642736009
1971,0,181,"['drama', 'family', 'musical']",8.0,67.0,2,1,1,1,1,39491,80500000.0,2038.4391380314503
1970,1,113,['drama'],8.0,100.0,2,2,1,1,1,27067,541940.0,20.022167214689475
1969,1,110,"['biography', 'crime', 'drama']",8.0,66.0,2,2,2,2,1,201888,102308889.0,506.7606247028055
1968,3,137,"['drama', 'horror']",8.0,96.0,2,2,1,1,1,193674,23457439.5,121.1181650608755
1968,0,112,"['adventure', 'sci-fi']",8.0,79.0,2,2,1,2,1,165167,33395426.0,202.1918785229495
1967,3,106,"['comedy', 'drama', 'romance']",8.0,83.0,2,2,1,2,1,253676,104945305.0,413.6982016430407
1966,3,131,['drama'],8.0,75.0,2,2,1,1,1,68926,23457439.5,340.3278806255985
1965,0,172,"['biography', 'drama', 'family']",8.0,63.0,2,2,1,1,1,205425,163214286.0,794.5200730193501
1965,3,197,"['drama', 'romance', 'war']",8.0,69.0,2,1,2,1,2,69903,111722000.0,1598.2432799736778
1964,3,99,"['action', 'drama', 'western']",8.0,65.0,3,3,1,1,1,198219,14500000.0,73.1514133357549
1963,-1,138,['drama'],8.0,91.0,2,2,1,2,1,108844,50690.0,0.4657123957223182
1962,-1,80,['drama'],8.0,79.0,2,1,1,1,1,28057,23457439.5,836.0637095911893
1961,3,134,"['drama', 'sport']",8.0,90.0,1,2,1,1,1,75067,8284000.0,110.35474975688385
1960,3,174,"['comedy', 'drama']",8.0,95.0,2,2,1,1,2,66621,19516000.0,292.94066435508324
1959,0,141,"['action', 'drama', 'western']",8.0,93.0,3,2,1,1,1,56305,12535000.0,222.62676494094663
1959,-1,161,"['crime', 'drama', 'mystery']",8.0,95.0,2,3,1,1,1,59847,11900000.0,198.84037629288017
1958,2,95,"['crime', 'drama', 'film-noir']",8.0,99.0,2,2,1,2,2,98431,2237659.0,22.733275086100925
1958,3,108,['drama'],8.0,84.0,1,2,1,1,2,45062,17570324.0,389.91442900892105
1957,0,96,"['drama', 'film-noir']",8.0,100.0,2,2,2,1,1,28137,23457439.5,833.6865870561894
1956,0,84,"['crime', 'drama', 'film-noir']",8.0,91.0,3,1,1,1,1,81702,23457439.5,287.10973415583464
1955,-1,92,"['crime', 'drama', 'film-noir']",8.0,99.0,1,2,1,1,1,81980,654000.0,7.977555501341791
1954,-1,108,['drama'],8.0,79.0,2,2,1,1,1,58314,23457439.5,402.26085502623727
1955,-1,117,"['crime', 'drama', 'horror']",8.0,79.0,2,1,1,1,1,61503,23457439.5,381.40317545485584
1953,-1,120,"['comedy', 'drama', 'war']",8.0,84.0,3,2,1,1,1,51046,23457439.5,459.535311287858
1953,-1,118,"['comedy', 'romance']",8.0,78.0,2,2,2,1,1,127256,23457439.5,184.33267979505877
1951,3,122,['drama'],8.0,97.0,2,1,2,2,1,99182,8000000.0,80.6597971406102
1950,-1,94,"['drama', 'film-noir', 'mystery']",8.0,79.0,2,3,1,1,1,26784,23457439.5,875.8004592293906
1949,0,106,"['comedy', 'crime']",8.0,79.0,1,1,2,1,1,34485,23457439.5,680.2215311004785
1948,3,80,"['crime', 'drama', 'mystery']",8.0,73.0,3,3,1,1,1,129783,23457439.5,180.7435449943367
1947,-1,97,"['crime', 'drama', 'film-noir']",8.0,79.0,1,2,1,1,1,32784,23457439.5,715.5148700585652
1945,0,86,"['drama', 'romance']",8.0,92.0,2,1,1,2,1,35601,23457439.5,658.8983315075419
1944,0,88,"['drama', 'film-noir', 'mystery']",8.0,79.0,2,1,2,1,1,42725,4360000.0,102.04798127559977
1946,0,170,"['drama', 'romance', 'war']",8.0,93.0,2,1,2,1,1,57259,23650000.0,413.0355053354058
1942,-1,118,"['comedy', 'crime', 'thriller']",8.0,79.0,2,3,1,1,2,65101,23457439.5,360.32379686947974
1941,-1,100,"['film-noir', 'mystery']",8.0,96.0,2,3,1,1,1,148928,2108060.0,14.154893639879674
1940,0,129,"['drama', 'history']",8.0,96.0,2,2,1,1,1,85559,55000.0,0.6428312626374783
1939,0,102,"['adventure', 'family', 'fantasy']",8.0,92.0,2,2,1,1,1,371379,2076020.0,5.5900306694778115
1939,-1,110,"['comedy', 'drama']",8.0,79.0,2,1,1,1,1,26725,23457439.5,877.7339382600561
1934,1,91,"['comedy', 'crime', 'mystery']",8.0,86.0,1,1,1,1,1,26642,23457439.5,880.4684145334435
1930,0,152,"['drama', 'war']",8.0,91.0,1,1,1,1,1,57318,3270000.0,57.050141316863815
1925,-1,75,"['drama', 'history', 'thriller']",8.0,97.0,1,1,1,1,1,53054,50970.0,0.9607192671617597
2019,1,130,"['comedy', 'crime', 'drama']",7.9,82.0,1,2,2,2,1,454203,165359751.0,364.0657393280097
2020,1,101,"['comedy', 'drama', 'romance']",7.9,79.0,1,2,1,1,1,111478,23457439.5,210.42214158847486
2018,3,121,"['crime', 'drama']",7.9,93.0,1,1,1,1,1,62754,3313513.0,52.80162220734933
2019,0,137,"['comedy', 'drama', 'romance']",7.9,94.0,1,1,2,1,1,246644,2000000.0,8.108853245973954
2017,1,132,"['drama', 'romance']",7.9,93.0,1,1,1,1,1,212651,18095701.0,85.0957719455822
2016,1,100,['drama'],7.9,78.0,1,2,1,1,1,53818,258168.0,4.797056746813334
2018,0,101,"['animation', 'adventure', 'comedy']",7.9,82.0,3,1,1,2,1,139114,32015231.0,230.13665770519142
2016,1,101,"['adventure', 'comedy', 'drama']",7.9,81.0,2,2,1,1,1,111483,5202582.0,46.66704340572105
2016,3,118,"['comedy', 'drama']",7.9,72.0,1,2,2,1,1,189400,5875006.0,31.019039070749734
2016,2,106,"['comedy', 'drama', 'music']",7.9,79.0,2,1,1,1,1,85109,3237118.0,38.03496692476706
2017,1,130,"['action', 'adventure', 'comedy']",7.9,74.0,2,1,1,1,2,587775,315058289.0,536.0185257964357
2014,3,117,"['crime', 'drama', 'thriller']",7.9,76.0,1,3,1,2,1,466134,32381218.0,69.46761660809982
2019,1,108,"['comedy', 'drama', 'war']",7.9,58.0,2,1,1,2,1,297918,349555.0,1.1733262172812653
2016,1,116,"['drama', 'sci-fi']",7.9,81.0,2,1,2,1,1,594181,100546139.0,169.21803120597932
2015,0,138,"['action', 'adventure', 'sci-fi']",7.9,80.0,2,1,1,2,2,860823,936662225.0,1088.100834898696
2013,3,109,"['drama', 'romance']",7.9,94.0,3,2,2,1,1,141457,8114627.0,57.36461963706285
2014,1,132,"['action', 'adventure', 'sci-fi']",7.9,75.0,2,1,2,1,1,659763,233921534.0,354.55388374310166
2011,-1,157,"['crime', 'drama']",7.9,82.0,2,1,2,1,1,41995,138730.0,3.303488510536969
2011,0,100,"['comedy', 'drama', 'romance']",7.9,89.0,1,1,1,2,1,230624,44671682.0,193.6991900235882
2014,1,113,"['action', 'adventure', 'sci-fi']",7.9,71.0,2,3,1,2,1,600004,100206256.0,167.00931327124485
2012,1,127,"['drama', 'romance']",7.9,94.0,2,2,1,1,1,93090,6739492.0,72.39759372650124
2019,3,209,"['biography', 'crime', 'drama']",7.9,94.0,3,3,2,2,1,324720,7000000.0,21.557033752155704
2009,3,155,"['crime', 'drama']",7.9,90.0,1,1,1,1,1,93560,2084637.0,22.28128473706712
2009,3,97,"['drama', 'mystery', 'sci-fi']",7.9,67.0,1,1,1,1,1,335152,5009677.0,14.94747756241944
2008,3,114,"['crime', 'drama', 'fantasy']",7.9,82.0,1,1,1,1,1,205609,2122065.0,10.32087603169122
2009,3,112,"['action', 'sci-fi', 'thriller']",7.9,81.0,1,1,1,1,1,638202,115646235.0,181.2063186890671
2008,1,109,"['drama', 'sport']",7.9,80.0,2,1,2,1,1,289415,26236603.0,90.65391565744692
2007,0,138,"['comedy', 'drama', 'romance']",7.9,79.0,2,2,1,1,1,47720,410800.0,8.608549874266554
2014,3,165,['drama'],7.9,100.0,3,1,2,2,1,335533,25379975.0,75.64077154855111
2007,-1,113,['drama'],7.9,97.0,1,1,1,1,1,56625,1185783.0,20.94098013245033
2009,1,127,"['action', 'adventure', 'sci-fi']",7.9,82.0,2,2,2,1,1,577336,257730019.0,446.41252061191403
2008,3,107,"['comedy', 'crime', 'drama']",7.9,67.0,2,1,2,2,1,390334,7757130.0,19.87305743286519
2007,-1,87,"['drama', 'fantasy', 'mystery']",7.9,79.0,1,1,1,1,1,174125,23457439.5,134.71609188801148
2006,1,141,"['action', 'adventure', 'drama']",7.9,89.0,3,1,1,1,1,154011,13756082.0,89.31882787593094
2006,3,117,"['adventure', 'drama', 'fantasy']",7.9,64.0,1,1,1,1,1,107290,2280348.0,21.25405909218007
2012,0,127,"['adventure', 'drama', 'fantasy']",7.9,79.0,2,1,1,1,2,580708,124987023.0,215.23213559999172
2009,1,87,"['animation', 'adventure', 'comedy']",7.9,83.0,3,2,2,1,1,199696,21002919.0,105.1744601794728
2005,-1,129,"['comedy', 'drama']",7.9,81.0,2,1,1,1,1,31476,23457439.5,745.2484273732367
2004,2,97,"['drama', 'music']",7.9,56.0,1,1,1,1,1,57430,3635164.0,63.29730106216263
2008,1,126,"['action', 'adventure', 'sci-fi']",7.9,79.0,1,2,2,1,1,939644,318412101.0,338.86461361962614
2004,1,99,"['comedy', 'horror']",7.9,76.0,2,2,2,1,1,512249,13542874.0,26.438068205111186
2004,3,121,"['drama', 'romance']",7.9,78.0,2,1,1,1,1,51325,23457439.5,457.0373015099854
2003,3,138,"['crime', 'drama', 'mystery']",7.9,84.0,3,2,1,2,1,419420,90135191.0,214.90437032091936
2004,0,142,"['adventure', 'family', 'fantasy']",7.9,82.0,3,3,3,2,1,552493,249358727.0,451.3337309250977
2002,2,120,"['action', 'adventure', 'history']",7.9,85.0,2,2,2,1,1,173999,53710019.0,308.6800441381847
2002,3,112,"['drama', 'mystery', 'romance']",7.9,86.0,2,1,1,1,1,104691,9284265.0,88.68255150872568
2001,3,98,"['comedy', 'drama', 'war']",7.9,84.0,1,1,1,1,1,44618,1059830.0,23.75341790308844
2001,0,115,"['animation', 'action', 'crime']",7.9,61.0,1,1,1,1,1,42897,1000045.0,23.31270251998974
2002,1,119,"['action', 'mystery', 'thriller']",7.9,68.0,2,2,2,2,2,508771,121661683.0,239.12857257980505
2000,3,114,"['crime', 'drama', 'thriller']",7.9,80.0,1,2,1,1,1,49721,1221261.0,24.562277508497417
2006,3,109,"['adventure', 'drama', 'sci-fi']",7.9,84.0,3,1,2,2,2,465113,35552383.0,76.4381623390445
2000,3,122,"['adventure', 'comedy', 'drama']",7.9,90.0,1,1,1,1,1,252586,32534850.0,128.80702018322472
2001,3,147,"['drama', 'mystery', 'thriller']",7.9,85.0,2,2,1,1,1,322031,7220243.0,22.420956367554677
1999,0,92,"['animation', 'adventure', 'comedy']",7.9,88.0,2,1,2,1,1,527512,245852179.0,466.0598792065394
1997,3,155,['drama'],7.9,85.0,2,2,2,1,1,239473,26400640.0,110.24474575421864
1995,0,111,"['animation', 'drama', 'family']",7.9,75.0,1,1,1,1,1,51943,23457439.5,451.5996284388657
1994,3,102,"['crime', 'drama']",7.9,77.0,1,1,1,1,1,31590,2201126.0,69.67793605571383
1993,3,119,"['crime', 'drama', 'romance']",7.9,59.0,2,1,2,2,1,206918,12281500.0,59.35443025739665
1993,0,94,"['drama', 'music', 'mystery']",7.9,85.0,2,1,1,1,1,89836,1324974.0,14.748808940736453
1993,3,94,"['animation', 'action', 'adventure']",7.9,79.0,2,1,1,1,1,34529,23457439.5,679.3547308059892
1993,3,144,"['crime', 'drama', 'thriller']",7.9,65.0,2,3,2,1,1,201000,36948322.0,183.82249751243782
1990,0,105,"['drama', 'fantasy', 'romance']",7.9,74.0,2,3,1,1,1,447368,56362352.0,125.98655245793172
1989,0,103,"['biography', 'drama']",7.9,97.0,2,2,1,1,1,68076,14743391.0,216.57252188730243
1989,2,104,"['comedy', 'drama']",7.9,77.0,3,1,1,1,1,54670,18254702.0,333.90711541979147
1987,3,119,"['crime', 'drama', 'thriller']",7.9,79.0,2,2,2,2,1,281842,76270454.0,270.6142235720723
1986,2,107,"['comedy', 'drama']",7.9,90.0,3,2,1,1,1,67176,40084041.0,596.7018131475527
1985,0,132,"['drama', 'sci-fi']",7.9,84.0,2,1,1,2,1,187567,9929135.0,52.93647070113613
1984,3,82,"['comedy', 'music']",7.9,92.0,3,1,1,1,1,128812,188751.0,1.4653215538924944
1983,0,93,"['comedy', 'family']",7.9,77.0,1,1,1,1,1,132947,20605209.0,154.98814565202676
1980,0,133,"['action', 'adventure', 'comedy']",7.9,60.0,1,1,2,1,1,183182,57229890.0,312.42092563679836
1979,3,96,"['comedy', 'drama', 'romance']",7.9,83.0,3,2,2,1,1,131436,45700000.0,347.6977388234578
1979,3,123,"['drama', 'music', 'musical']",7.9,72.0,2,2,1,1,1,28223,37823676.0,1340.172058250363
1978,3,127,"['action', 'adventure', 'horror']",7.9,71.0,2,1,1,1,1,111512,5100000.0,45.734988162708945
1976,0,138,"['biography', 'drama', 'history']",7.9,84.0,1,2,2,2,1,103031,70600000.0,685.2306587337791
1973,3,114,"['adventure', 'drama', 'fantasy']",7.9,76.0,1,1,1,1,1,37183,61001.0,1.6405615469434958
1973,3,123,"['comedy', 'drama', 'family']",7.9,79.0,2,1,1,1,1,39897,23457439.5,587.949958643507
1972,1,102,['comedy'],7.9,93.0,2,1,1,1,1,38737,198809.0,5.132276634741978
1972,-1,95,"['action', 'adventure', 'biography']",7.9,79.0,2,2,1,1,1,52397,23457439.5,447.6866900776762
1971,1,91,"['comedy', 'drama', 'romance']",7.9,62.0,2,1,1,1,1,70826,23457439.5,331.1981405133708
1970,0,172,"['biography', 'drama', 'war']",7.9,91.0,2,1,2,1,1,93741,61700000.0,658.1965201992724
1969,3,145,"['action', 'adventure', 'western']",7.9,97.0,1,2,2,1,1,77401,12064472.0,155.86971744551104
1968,-1,96,"['horror', 'thriller']",7.9,89.0,2,1,1,1,1,116557,89029.0,0.7638237085717717
1968,1,134,"['biography', 'drama', 'history']",7.9,79.0,1,2,2,1,2,29003,22276975.0,768.0920939213185
1967,0,110,"['crime', 'drama', 'mystery']",7.9,75.0,2,1,1,2,1,67804,24379978.0,359.565482862368
1963,0,113,"['comedy', 'mystery', 'romance']",7.9,83.0,2,3,2,1,1,68689,13474588.0,196.16806184396336
1962,2,126,"['drama', 'thriller']",7.9,94.0,1,1,1,2,1,71122,23457439.5,329.8197393211664
1960,3,197,"['adventure', 'biography', 'drama']",7.9,87.0,3,2,1,1,1,124339,30000000.0,241.2758667835514
1960,0,144,"['drama', 'mystery']",7.9,79.0,2,1,1,1,1,26542,23457439.5,883.7856793007309
1959,-1,90,"['drama', 'romance']",7.9,79.0,1,1,1,1,1,28421,88300.0,3.1068576052918617
1956,0,220,"['adventure', 'drama']",7.9,79.0,1,2,1,1,1,63560,93740000.0,1474.826935179358
1956,0,119,"['adventure', 'drama', 'western']",7.9,94.0,2,2,1,2,2,80316,23457439.5,292.0643396085462
1955,0,118,['drama'],7.9,72.0,2,2,1,1,1,40313,23457439.5,581.8827549425744
1952,1,85,"['drama', 'thriller', 'western']",7.9,89.0,2,1,2,1,1,97222,9450000.0,97.20022217193639
1951,3,101,"['crime', 'film-noir', 'thriller']",7.9,88.0,3,1,1,1,1,123341,7630000.0,61.86101945014229
1950,0,104,"['comedy', 'drama', 'fantasy']",7.9,79.0,1,3,1,1,1,52573,23457439.5,446.18795769691667
1947,-1,96,"['comedy', 'drama', 'family']",7.9,88.0,1,1,2,1,2,41625,2650000.0,63.66366366366366
1946,0,102,"['drama', 'film-noir', 'romance']",7.9,100.0,3,3,2,2,1,92306,10464000.0,113.36207830476891
1946,0,114,"['crime', 'film-noir', 'mystery']",7.9,79.0,3,3,2,1,1,78796,6540000.0,82.99913701203107
1945,0,101,"['drama', 'film-noir']",7.9,79.0,3,2,1,1,1,33549,9460000.0,281.9756177531372
1940,-1,112,"['comedy', 'romance']",7.9,96.0,2,3,2,1,1,63550,23457439.5,369.11785208497247
1940,0,92,"['comedy', 'drama', 'romance']",7.9,79.0,3,3,1,1,2,53667,296000.0,5.5154936925857605
1938,1,102,"['action', 'adventure', 'romance']",7.9,97.0,2,1,1,1,1,47175,3981000.0,84.3879173290938
1935,0,96,"['comedy', 'music', 'musical']",7.9,79.0,1,1,1,2,1,30580,2537520.0,82.97972531066057
1933,0,100,"['adventure', 'horror', 'sci-fi']",7.9,90.0,1,1,1,1,1,78991,10000000.0,126.59670088997481
1932,-1,64,"['drama', 'horror']",7.9,80.0,1,1,1,1,1,42117,23457439.5,556.9589358216397
1922,-1,94,"['fantasy', 'horror']",7.9,79.0,2,1,1,1,1,88794,23457439.5,264.1782046084195
2019,3,113,"['action', 'comedy', 'crime']",7.8,51.0,2,2,1,1,2,237392,23457439.5,98.81310027296624
2018,1,138,"['action', 'drama', 'thriller']",7.8,79.0,2,1,1,1,1,25344,23457439.5,925.5618489583334
2019,3,120,"['drama', 'music']",7.8,81.0,1,1,1,1,1,27187,23457439.5,862.8182403354544
2016,1,124,['drama'],7.8,85.0,2,1,1,1,1,51240,2402067.0,46.87874707259953
2017,1,106,"['action', 'drama', 'history']",7.8,94.0,3,1,1,1,1,555092,188373161.0,339.35484748474124
2016,-1,96,"['comedy', 'drama']",7.8,79.0,1,1,1,1,1,57168,23457439.5,410.3246484047019
2016,1,127,"['biography', 'drama', 'history']",7.8,74.0,1,1,1,1,1,200876,169607287.0,844.3382335371075
2017,0,103,"['adventure', 'comedy', 'family']",7.8,88.0,1,1,1,1,1,61594,40442052.0,656.5907718284249
2016,3,148,"['action', 'crime', 'drama']",7.8,79.0,1,2,1,1,1,27175,23457439.5,863.1992456301748
2016,1,101,"['animation', 'action', 'adventure']",7.8,84.0,1,1,1,2,1,118035,48023088.0,406.85464480874316
2016,0,184,"['biography', 'drama', 'sport']",7.8,79.0,2,2,1,1,1,40416,1782795.0,44.11111935866983
2016,1,137,['drama'],7.8,96.0,1,1,1,1,1,246963,47695120.0,193.1265817146698
2015,3,100,"['drama', 'history', 'war']",7.8,75.0,1,1,1,1,1,35539,435266.0,12.247559019668532
2016,1,133,"['action', 'adventure', 'sci-fi']",7.8,65.0,1,1,1,1,1,556608,532177324.0,956.1079323329884
2016,1,147,"['action', 'adventure', 'sci-fi']",7.8,75.0,2,2,2,1,2,663649,408084349.0,614.9099132222003
2015,3,168,"['crime', 'drama', 'mystery']",7.8,68.0,3,1,2,1,1,517059,54117416.0,104.66390876089577
2019,0,135,"['drama', 'romance']",7.8,91.0,1,1,3,1,1,143250,108101214.0,754.6332565445026
2017,1,94,"['animation', 'biography', 'crime']",7.8,62.0,1,1,1,1,1,50778,6735118.0,132.63850486431133
2014,3,119,"['biography', 'comedy', 'drama']",7.8,79.0,1,1,1,1,1,51841,23457439.5,452.48817538241934
2013,2,130,"['drama', 'mystery']",7.8,85.0,2,1,1,1,1,45002,1330596.0,29.56748588951602
2013,-1,141,['drama'],7.8,86.0,1,1,1,1,1,81125,2852400.0,35.16055469953775
2013,0,104,"['drama', 'romance']",7.8,76.0,1,2,2,2,1,50523,4231500.0,83.75393385190903
2012,1,126,"['comedy', 'romance']",7.8,79.0,1,2,1,1,1,39710,169209.0,4.261118106270461
2014,0,102,"['animation', 'action', 'adventure']",7.8,74.0,1,1,1,1,1,410983,222527828.0,541.4526342938759
2013,3,123,"['comedy', 'drama', 'fantasy']",7.8,55.0,1,1,2,1,1,303032,15322921.0,50.56535613400565
2012,0,134,"['comedy', 'drama', 'family']",7.8,79.0,1,1,1,1,1,33618,1670773.0,49.698762567672084
2013,2,126,"['animation', 'biography', 'drama']",7.8,83.0,3,1,1,1,1,73690,5209580.0,70.69588818021441
2019,0,100,"['animation', 'adventure', 'comedy']",7.8,84.0,1,3,2,1,1,203177,434038008.0,2136.2556194844888
2013,3,131,"['crime', 'drama', 'mystery']",7.8,49.0,2,2,1,1,2,108399,85433.0,0.7881345768872406
2012,3,94,"['comedy', 'drama', 'romance']",7.8,84.0,3,1,1,1,1,318789,45512466.0,142.766739128389
2014,0,102,"['animation', 'action', 'adventure']",7.8,76.0,2,1,2,2,1,305611,177002924.0,579.1772023912752
2015,3,130,"['biography', 'comedy', 'drama']",7.8,81.0,1,3,2,1,2,362942,70259870.0,193.5842917050107
2010,-1,106,"['drama', 'thriller']",7.8,79.0,1,1,1,1,2,35713,23457439.5,656.8319519502702
2010,-1,144,"['action', 'crime', 'drama']",7.8,67.0,1,1,1,1,1,111252,128392.0,1.1540646460288355
2011,3,158,"['crime', 'drama', 'mystery']",7.8,71.0,3,2,1,2,2,423010,102515793.0,242.34839129098603
2013,1,134,"['adventure', 'biography', 'crime']",7.8,82.0,2,3,1,1,2,421244,107100855.0,254.24897446610515
2010,3,119,"['action', 'crime', 'drama']",7.8,79.0,1,1,1,1,1,62848,6460.0,0.1027876782077393
2015,3,147,"['biography', 'drama', 'history']",7.8,72.0,1,1,1,1,1,179264,161197785.0,899.2200609157444
2009,3,129,"['crime', 'drama', 'mystery']",7.8,79.0,2,1,2,1,1,52758,547292.0,10.373630539444255
2008,-1,125,"['action', 'crime', 'thriller']",7.8,64.0,1,1,2,1,1,58468,23457439.5,401.20133235273994
2013,1,161,"['adventure', 'fantasy']",7.8,66.0,2,1,1,2,1,601408,258366855.0,429.60328928115354
2009,1,144,"['drama', 'history', 'mystery']",7.8,82.0,2,1,1,1,2,68715,2222647.0,32.34587790147712
2009,3,152,"['crime', 'drama', 'mystery']",7.8,76.0,1,1,1,1,1,208994,10095170.0,48.303635511067306
2020,3,129,"['drama', 'history', 'thriller']",7.8,77.0,1,2,1,1,2,89896,23457439.5,260.93974704102516
2020,-1,117,"['comedy', 'drama']",7.8,81.0,2,2,2,1,1,33931,23457439.5,691.3276797029265
2010,1,116,"['biography', 'drama', 'sport']",7.8,79.0,2,2,2,1,2,340584,93617009.0,274.87201101637186
2008,3,90,"['action', 'thriller']",7.8,51.0,1,2,1,1,1,564791,145000989.0,256.73388740259674
2008,2,94,"['drama', 'history', 'war']",7.8,55.0,1,1,1,1,1,190748,9030581.0,47.3429918007004
2007,3,86,"['drama', 'music', 'romance']",7.8,88.0,2,1,1,1,1,110656,9439923.0,85.30873156448814
2012,1,169,"['adventure', 'fantasy']",7.8,58.0,2,1,2,2,1,757377,303003568.0,400.0696720391562
2007,-1,122,['drama'],7.8,85.0,2,1,1,1,1,30827,741283.0,24.04655010218315
2007,3,123,"['drama', 'mystery', 'romance']",7.8,85.0,2,2,1,2,1,251370,50927067.0,202.59803079126388
2011,3,100,"['crime', 'drama']",7.8,78.0,1,2,1,1,2,571571,35061555.0,61.34243164891151
2007,3,157,"['biography', 'crime', 'drama']",7.8,76.0,3,3,2,2,2,392449,130164645.0,331.67276512362116
2009,1,162,"['action', 'adventure', 'fantasy']",7.8,83.0,2,1,2,2,1,1118998,760507625.0,679.6326937134829
2009,3,141,"['drama', 'fantasy', 'romance']",7.8,63.0,1,1,1,1,1,216421,3600.0,0.0166342452904293
2006,3,139,"['action', 'adventure', 'drama']",7.8,68.0,2,1,1,1,1,291018,50866635.0,174.78862132239243
2006,1,101,"['comedy', 'drama']",7.8,80.0,1,1,2,2,1,439856,59891098.0,136.1606934996908
2007,1,121,"['action', 'comedy', 'mystery']",7.8,81.0,2,2,2,1,2,463466,23637265.0,51.0010766701333
2008,1,166,"['drama', 'fantasy', 'romance']",7.8,70.0,3,2,2,1,1,589160,127509326.0,216.42563310475933
2004,0,192,"['drama', 'family', 'musical']",7.8,67.0,1,2,1,1,1,49050,2921738.0,59.56652395514781
2005,3,94,"['comedy', 'crime', 'drama']",7.8,51.0,1,2,1,1,2,45717,1305.0,0.028545180129929786
2005,1,129,"['drama', 'romance']",7.8,82.0,2,2,1,2,2,258924,38405088.0,148.32571719886917
2005,0,127,"['biography', 'drama', 'sport']",7.8,68.0,1,2,1,1,1,51980,5128124.0,98.65571373605233
2003,1,90,"['animation', 'adventure', 'comedy']",7.8,73.0,2,1,2,1,1,31658,128985.0,4.074325604902394
2005,2,119,"['action', 'adventure', 'sci-fi']",7.8,74.0,2,1,1,2,1,283310,25514517.0,90.05865306554658
2005,2,136,"['biography', 'drama', 'music']",7.8,72.0,2,2,1,2,2,234207,119519402.0,510.31524249915674
2003,-1,113,['drama'],7.8,61.0,1,1,1,1,1,35682,15280.0,0.4282271173140519
2004,3,123,"['drama', 'romance']",7.8,53.0,1,1,2,2,1,520284,81001787.0,155.68763790545165
2004,0,126,"['adventure', 'biography', 'drama']",7.8,75.0,2,1,1,1,1,96703,16756372.0,173.27665118972524
2002,3,109,"['crime', 'drama']",7.8,82.0,1,1,1,1,1,42673,181655.0,4.256907177840789
2003,2,80,"['animation', 'comedy', 'drama']",7.8,91.0,1,1,1,1,1,50622,7002255.0,138.32434514637904
2000,-1,110,"['action', 'drama', 'thriller']",7.8,58.0,2,1,1,1,1,26518,23457439.5,884.585545667094
2002,2,131,"['action', 'adventure', 'drama']",7.8,61.0,1,2,1,1,1,129022,54234062.0,420.3473981181504
2001,3,99,"['animation', 'drama', 'fantasy']",7.8,83.0,3,2,1,1,1,60684,2892011.0,47.65689473337288
2000,0,113,"['biography', 'drama', 'sport']",7.8,48.0,1,3,1,1,1,198089,115654751.0,583.8524653059989
2000,1,120,"['action', 'adventure', 'fantasy']",7.8,94.0,2,2,1,1,1,253228,128078872.0,505.7847947304405
1999,3,101,['drama'],7.8,87.0,2,1,1,1,1,89058,8264530.0,92.7994116193941
2000,1,143,"['adventure', 'drama', 'romance']",7.8,73.0,2,3,2,1,1,524235,233632142.0,445.6629984644291
1999,3,108,"['action', 'crime', 'thriller']",7.8,44.0,1,2,1,1,1,227143,25812.0,0.11363766437882744
1999,1,157,"['biography', 'drama', 'thriller']",7.8,84.0,2,2,2,2,1,159886,28965197.0,181.16155886068825
1999,1,108,"['biography', 'drama', 'family']",7.8,71.0,1,3,1,1,1,82855,32481825.0,392.0321646249472
2001,0,90,"['animation', 'adventure', 'comedy']",7.8,84.0,1,1,1,2,1,613941,267665011.0,435.9783936892959
1997,1,194,"['drama', 'romance']",7.8,75.0,2,3,2,1,1,1046089,659325379.0,630.2765625104556
1997,-1,103,"['crime', 'drama', 'romance']",7.8,79.0,1,1,1,1,1,27712,233986.0,8.443490184757506
1997,1,106,"['drama', 'sci-fi', 'thriller']",7.8,64.0,2,2,2,1,1,280845,12339633.0,43.93752069646958
1997,1,129,"['action', 'drama', 'mystery']",7.8,61.0,3,2,1,1,1,345096,48323648.0,140.02958017479193
1996,3,159,['drama'],7.8,76.0,2,1,1,2,1,62428,4040691.0,64.72561991414109
1994,0,127,"['biography', 'comedy', 'drama']",7.8,70.0,2,3,1,1,1,164937,5887457.0,35.6951866470228
1993,0,118,['drama'],7.8,73.0,2,3,1,1,1,215034,9170214.0,42.64541421356623
1993,3,130,"['action', 'biography', 'drama']",7.8,50.0,1,1,2,2,1,126871,56505065.0,445.37415957941533
1993,0,101,"['comedy', 'drama', 'family']",7.8,55.0,1,1,1,1,1,78963,32416586.0,410.52880463001657
1993,0,134,"['drama', 'romance']",7.8,84.0,1,2,1,1,1,66065,22954968.0,347.4603496556422
1993,-1,132,"['comedy', 'drama']",7.8,84.0,2,1,1,2,1,34635,1769305.0,51.08430778114624
1993,0,130,"['action', 'crime', 'drama']",7.8,87.0,1,2,2,1,2,267684,183875760.0,686.913524902497
1993,3,121,"['crime', 'drama', 'romance']",7.8,80.0,1,3,1,1,1,128171,17266971.0,134.71823579436847
1993,1,76,"['animation', 'action', 'crime']",7.8,79.0,1,1,1,1,1,43690,5617391.0,128.57383840695812
1992,3,128,"['action', 'crime', 'thriller']",7.8,79.0,2,2,2,1,1,46700,23457439.5,502.30063169164885
1991,3,129,"['comedy', 'drama']",7.8,68.0,2,1,1,1,1,55362,2015810.0,36.41143744806907
1991,3,98,"['drama', 'fantasy', 'music']",7.8,86.0,2,2,1,1,1,42376,1999955.0,47.195464413819145
1991,3,112,"['crime', 'drama']",7.8,76.0,1,1,1,1,1,126082,57504069.0,456.08468298408974
1990,3,107,"['drama', 'thriller']",7.8,75.0,3,1,1,1,1,184740,61276872.0,331.6924975641442
1990,0,121,"['biography', 'drama']",7.8,74.0,1,3,1,1,1,125276,52096475.0,415.85359526166224
1989,0,103,"['animation', 'adventure', 'drama']",7.8,83.0,3,1,1,1,1,124193,23457439.5,188.87891829652236
1989,3,122,"['biography', 'drama', 'history']",7.8,78.0,2,2,2,1,1,122779,26830000.0,218.52271153861815
1989,3,111,"['action', 'crime', 'drama']",7.8,82.0,2,2,1,1,1,45624,23457439.5,514.1469292477643
1989,0,108,"['adventure', 'comedy', 'sci-fi']",7.8,57.0,2,2,2,2,1,481918,118500000.0,245.89245473296288
1988,3,128,"['crime', 'drama', 'history']",7.8,65.0,2,2,1,2,1,88214,34603943.0,392.272689142313
1987,3,107,"['action', 'adventure', 'sci-fi']",7.8,45.0,2,2,1,1,1,371387,59735548.0,160.84447759345372
1987,3,84,"['action', 'comedy', 'fantasy']",7.8,72.0,1,1,1,1,1,148359,5923044.0,39.92372555760014
1986,0,103,['comedy'],7.8,61.0,2,2,1,1,1,321382,70136369.0,218.23365652090035
1986,3,107,"['comedy', 'crime', 'drama']",7.8,75.0,2,1,1,1,1,47834,1436000.0,30.02048751933771
1985,0,114,"['adventure', 'comedy', 'family']",7.8,62.0,2,1,2,1,1,244430,61503218.0,251.61894202839258
1985,0,154,['drama'],7.8,78.0,3,1,1,1,1,78321,98467863.0,1257.2344964951928
1985,1,97,"['comedy', 'drama']",7.8,66.0,2,1,1,1,1,357026,45875171.0,128.49252155305217
1984,1,141,"['biography', 'drama', 'history']",7.8,76.0,1,1,1,1,1,51585,34700291.0,672.6818067267617
1984,1,105,"['action', 'comedy', 'fantasy']",7.8,71.0,1,2,2,2,1,355413,238632124.0,671.4220470269798
1983,1,193,"['adventure', 'biography', 'drama']",7.8,91.0,1,1,1,2,1,56235,21500000.0,382.32417533564507
1982,0,109,"['comedy', 'crime', 'drama']",7.8,73.0,3,3,1,1,1,88511,2500000.0,28.245076883099276
1982,0,115,"['family', 'sci-fi']",7.8,91.0,3,1,1,1,1,372490,435110554.0,1168.1133829096084
1979,3,105,['drama'],7.8,77.0,1,2,2,1,1,133351,106260000.0,796.8444181145998
1978,1,94,"['drama', 'romance']",7.8,93.0,2,2,1,1,1,52852,23457439.5,443.832579656399
1976,3,135,['western'],7.8,69.0,3,3,1,1,2,65659,31800000.0,484.3205044243744
1975,1,129,"['adventure', 'history', 'war']",7.8,91.0,2,2,2,2,1,44917,23457439.5,522.2396754012957
1974,0,113,"['drama', 'mystery', 'thriller']",7.8,85.0,2,2,2,1,2,98611,4420000.0,44.82258571558954
1973,0,72,"['animation', 'sci-fi']",7.8,73.0,1,1,1,1,1,25229,193817.0,7.682310040033295
1973,3,143,"['crime', 'drama', 'thriller']",7.8,80.0,2,1,1,1,1,37445,16056255.0,428.79570036052877
1973,1,94,"['action', 'crime', 'drama']",7.8,93.0,2,2,2,2,1,66009,23457439.5,355.3672908239785
1972,3,124,"['drama', 'music', 'musical']",7.8,80.0,2,1,1,1,1,48334,42765000.0,884.7808995737989
1971,0,100,"['family', 'fantasy', 'musical']",7.8,67.0,1,2,1,1,1,178731,4000000.0,22.380001230900067
1969,3,113,['drama'],7.8,79.0,1,2,1,1,1,101124,44785053.0,442.87264150943395
1967,-1,108,['thriller'],7.8,81.0,1,2,1,2,1,27733,17550741.0,632.8468250820322
1967,-1,108,"['comedy', 'drama']",7.8,63.0,2,2,1,1,1,39642,56700000.0,1430.3011957015287
1967,3,111,"['action', 'biography', 'crime']",7.8,86.0,1,1,2,1,1,102415,23457439.5,229.04300639554754
1964,0,170,"['drama', 'family', 'musical']",7.8,95.0,2,2,1,2,1,86525,72000000.0,832.1294423577001
1964,0,139,"['comedy', 'family', 'fantasy']",7.8,88.0,1,2,1,1,1,158029,102272727.0,647.1769548627151
1962,0,178,"['action', 'drama', 'history']",7.8,75.0,1,1,1,1,1,52141,39100000.0,749.8897220996912
1962,-1,105,"['drama', 'romance']",7.8,97.0,2,1,1,1,1,37605,23457439.5,623.7851216593538
1961,3,100,['horror'],7.8,88.0,1,1,1,1,1,27007,2616000.0,96.86377605805902
1960,0,90,"['crime', 'drama']",7.8,79.0,2,1,1,1,1,73251,336705.0,4.5965925379858295
1948,0,133,"['action', 'adventure', 'drama']",7.8,79.0,3,1,2,1,1,28167,23457439.5,832.7986473532858
1948,-1,100,"['action', 'crime', 'drama']",7.8,79.0,2,3,1,2,1,36995,23457439.5,634.0705365589945
1944,1,100,"['adventure', 'comedy', 'film-noir']",7.8,79.0,3,3,2,1,1,31053,23457439.5,755.4001062699256
1943,1,108,"['film-noir', 'thriller']",7.8,94.0,3,1,2,1,2,59556,23457439.5,393.87197763449524
1939,0,96,"['adventure', 'drama', 'western']",7.8,93.0,2,2,1,1,1,43621,23457439.5,537.7556566791225
1938,-1,96,"['mystery', 'thriller']",7.8,98.0,3,1,1,1,1,47400,23457439.5,494.88268987341775
1938,0,102,"['comedy', 'family', 'romance']",7.8,91.0,3,2,1,1,1,55163,23457439.5,425.23864728169247
1935,-1,75,"['drama', 'horror', 'sci-fi']",7.8,95.0,2,1,1,1,1,43542,4360000.0,100.13320472187773
1933,-1,69,"['comedy', 'musical', 'war']",7.8,93.0,1,1,1,2,1,55581,23457439.5,422.04061639768986
1932,1,93,"['action', 'crime', 'drama']",7.8,87.0,3,1,1,1,1,25312,23457439.5,926.7319650758534
1931,0,70,"['drama', 'horror', 'sci-fi']",7.8,91.0,2,1,1,1,1,65341,23457439.5,359.00031373869393
2018,3,135,['drama'],7.7,96.0,3,1,1,1,1,140375,23457439.5,167.10553517364204
2017,-1,104,"['drama', 'romance']",7.7,85.0,1,1,1,1,1,25198,335609.0,13.318874513850306
2018,3,119,"['action', 'adventure', 'comedy']",7.7,66.0,1,2,2,1,1,478586,324591735.0,678.2307359596813
2017,3,107,"['crime', 'drama', 'mystery']",7.7,73.0,1,1,2,1,1,205444,33800859.0,164.525900001947
2017,3,104,"['horror', 'mystery', 'thriller']",7.7,85.0,1,1,1,1,2,492851,176040665.0,357.188409884529
2018,1,147,"['action', 'adventure', 'thriller']",7.7,86.0,1,3,1,1,1,291257,220159104.0,755.8929193118105
2015,2,116,"['comedy', 'drama', 'romance']",7.7,70.0,1,1,1,1,1,47444,3358518.0,70.78909872692016
2014,3,86,"['comedy', 'horror']",7.7,76.0,1,1,1,1,1,157498,3333000.0,21.162173487917308
2014,0,103,"['animation', 'drama', 'family']",7.7,72.0,1,1,1,1,1,32798,765127.0,23.328465150314045
2014,0,123,"['biography', 'drama', 'romance']",7.7,72.0,1,2,1,1,1,404182,35893537.0,88.80538222879792
2014,3,129,"['action', 'adventure', 'comedy']",7.7,60.0,2,2,1,2,2,590440,128261724.0,217.23074994919043
2014,1,126,"['drama', 'romance']",7.7,69.0,1,1,1,1,2,344312,124872350.0,362.67208229745114
2015,2,105,"['comedy', 'drama']",7.7,74.0,1,1,1,1,1,123210,6743776.0,54.733998863728594
2014,3,119,"['comedy', 'drama']",7.7,87.0,2,1,1,2,1,580291,42340598.0,72.96442302224229
2013,3,180,"['drama', 'romance']",7.7,89.0,1,1,1,1,1,138741,2199675.0,15.854541916232405
2013,0,130,"['drama', 'sport']",7.7,40.0,1,1,1,1,1,32628,1122527.0,34.40379428711536
2012,-1,111,"['drama', 'music', 'romance']",7.7,70.0,1,1,1,1,1,39379,175058.0,4.445465857436705
2014,1,136,"['action', 'adventure', 'sci-fi']",7.7,70.0,2,2,2,2,2,736182,259766572.0,352.856456691416
2011,1,159,"['drama', 'music', 'musical']",7.7,79.0,2,2,1,1,1,39501,985912.0,24.959165590744536
2013,1,115,"['adventure', 'comedy', 'drama']",7.7,87.0,1,1,1,1,1,112298,17654912.0,157.21483908885287
2012,0,101,"['animation', 'adventure', 'comedy']",7.7,72.0,1,1,1,1,1,380195,189422889.0,498.2256184326464
2015,1,108,"['animation', 'adventure', 'drama']",7.7,70.0,1,1,1,2,1,56720,1339152.0,23.609873060648802
2011,-1,98,['drama'],7.7,52.0,2,2,1,1,2,77071,71177.0,0.9235250613071064
2011,2,96,"['comedy', 'fantasy', 'romance']",7.7,81.0,3,1,2,1,1,388089,56816662.0,146.40111417741807
2014,0,100,"['animation', 'action', 'adventure']",7.7,83.0,1,1,1,1,1,323982,257760692.0,795.601891463106
2013,1,91,"['drama', 'sci-fi', 'thriller']",7.7,96.0,3,1,2,2,1,769145,274092705.0,356.36025066794946
2013,1,132,"['action', 'adventure', 'sci-fi']",7.7,72.0,2,2,2,1,1,463188,228778661.0,493.92182224064527
2015,-1,137,"['drama', 'war']",7.7,79.0,1,1,1,1,1,73964,83861.0,1.1338083391920393
2010,1,120,"['biography', 'drama']",7.7,95.0,3,2,1,1,2,624982,96962694.0,155.14477856962282
2011,1,131,"['action', 'adventure', 'sci-fi']",7.7,65.0,2,2,1,1,2,645512,146408305.0,226.80957906282146
2009,1,100,['comedy'],7.7,73.0,2,1,2,1,1,717559,277322503.0,386.4804190317451
2012,1,143,"['action', 'adventure', 'thriller']",7.7,81.0,2,2,1,1,1,630614,304360277.0,482.64116717992306
2012,3,122,"['comedy', 'drama', 'romance']",7.7,81.0,2,1,1,2,1,661871,132092958.0,199.57508034042888
2012,3,120,"['biography', 'drama', 'thriller']",7.7,86.0,2,2,1,2,2,572581,136025503.0,237.56551998756507
2009,1,95,"['comedy', 'drama', 'romance']",7.7,76.0,2,1,2,1,1,472242,32391374.0,68.59062514558214
2010,3,146,"['adventure', 'family', 'fantasy']",7.7,65.0,2,3,3,2,2,479120,295983305.0,617.7644535815662
2008,0,101,"['animation', 'adventure', 'comedy']",7.7,86.0,3,1,2,1,1,125317,15090400.0,120.41782040744671
2008,3,122,"['biography', 'drama', 'history']",7.7,80.0,2,1,1,2,1,103330,18593156.0,179.93957224426595
2006,0,90,"['animation', 'drama', 'fantasy']",7.7,81.0,2,1,2,1,1,71379,881302.0,12.346796676893764
2008,3,141,"['biography', 'crime', 'drama']",7.7,63.0,3,1,1,1,1,239203,35739802.0,149.41201406336876
2010,1,90,"['comedy', 'drama', 'romance']",7.7,45.0,3,1,1,1,2,81446,1752214.0,21.513812833042753
2006,0,98,"['animation', 'adventure', 'comedy']",7.7,79.0,2,1,1,1,1,60368,23457439.5,388.57407069970844
2006,-1,126,"['crime', 'drama', 'fantasy']",7.7,79.0,1,2,1,1,1,28630,23457439.5,819.3307544533706
2006,-1,101,"['crime', 'drama']",7.7,86.0,2,1,1,1,1,115576,327919.0,2.8372586004014675
2014,1,108,"['drama', 'sci-fi', 'thriller']",7.7,78.0,1,1,1,2,1,474141,25442958.0,53.661164084101564
2006,3,120,['drama'],7.7,78.0,2,2,1,1,1,32001,412544.0,12.89159713758945
2006,3,123,"['biography', 'drama', 'history']",7.7,74.0,1,2,1,1,2,175355,17605861.0,100.40124889509852
2007,1,157,"['crime', 'drama', 'mystery']",7.7,78.0,3,3,2,2,2,466080,33080084.0,70.97512015104704
2006,3,110,"['action', 'crime', 'drama']",7.7,53.0,1,2,1,2,2,299524,22494487.0,75.10078324274515
2005,2,116,"['drama', 'history', 'music']",7.7,70.0,1,1,1,1,1,28003,1054361.0,37.65171588758347
2007,3,122,"['biography', 'drama', 'music']",7.7,78.0,1,1,2,1,2,61609,871577.0,14.14691035400672
2010,0,100,"['animation', 'adventure', 'comedy']",7.7,71.0,1,1,1,1,1,405922,200821936.0,494.73035706367233
2006,3,145,"['drama', 'thriller', 'war']",7.7,71.0,1,1,1,1,1,72643,4398392.0,60.54805005299891
2005,3,134,"['drama', 'romance']",7.7,87.0,2,3,2,2,1,323103,83043761.0,257.0194674763156
2007,3,122,"['action', 'crime', 'drama']",7.7,76.0,2,2,2,1,1,288797,53606916.0,185.62144343604677
2004,1,112,"['crime', 'drama', 'thriller']",7.7,66.0,1,2,2,1,1,419483,54580300.0,130.11325846339423
2004,1,99,"['action', 'comedy', 'fantasy']",7.7,78.0,1,1,1,1,1,127250,17108591.0,134.44865225933202
2004,3,108,"['action', 'mystery', 'thriller']",7.7,73.0,2,2,1,2,1,434841,176241941.0,405.30203223707053
2004,3,101,"['drama', 'thriller']",7.7,61.0,1,3,1,1,1,358432,1082715.0,3.0206984867422553
2004,3,152,"['biography', 'drama', 'music']",7.7,73.0,2,2,1,1,1,138356,75331600.0,544.4765676949319
2003,1,102,"['comedy', 'drama']",7.7,89.0,1,2,2,1,1,415074,44585453.0,107.41567286797053
2005,1,157,"['adventure', 'family', 'fantasy']",7.7,81.0,2,3,3,2,1,548619,290013036.0,528.6237552837215
2004,1,146,"['action', 'crime', 'drama']",7.7,47.0,2,3,2,2,2,329592,77911774.0,236.38854705211293
2009,0,100,"['animation', 'drama', 'family']",7.7,80.0,2,1,1,1,1,197761,75286229.0,380.6930031704937
2003,1,154,"['action', 'drama']",7.7,55.0,2,3,1,1,1,400049,111110575.0,277.74241405427836
2002,3,114,['drama'],7.7,83.0,1,1,1,1,1,25938,4890878.0,188.56033618629039
2003,3,121,"['comedy', 'drama', 'romance']",7.7,68.0,1,2,1,1,1,137981,4064200.0,29.454780005942848
2002,2,105,['drama'],7.7,76.0,2,2,2,1,1,40403,15539266.0,384.6067371234809
2001,2,132,['drama'],7.7,28.0,1,2,2,2,1,142863,40311852.0,282.1713949728061
2002,3,115,"['comedy', 'drama']",7.7,83.0,2,2,2,2,1,178565,22245861.0,124.58130652703497
2001,3,144,"['drama', 'history', 'war']",7.7,74.0,3,2,1,2,1,364254,108638745.0,298.249971173961
2002,3,117,"['crime', 'drama', 'thriller']",7.7,72.0,2,3,1,1,1,246840,104454762.0,423.1678901312591
2001,3,120,"['drama', 'thriller']",7.7,60.0,2,1,1,1,1,90842,141072.0,1.5529380682944012
2000,3,110,"['drama', 'music']",7.7,74.0,1,1,1,1,1,126770,21995263.0,173.5052693855013
2001,3,95,"['comedy', 'drama', 'music']",7.7,85.0,1,1,1,1,1,31957,3029081.0,94.78615013924961
2001,1,116,"['crime', 'thriller']",7.7,74.0,1,2,2,1,1,516372,183417150.0,355.2035160698101
2000,0,103,"['animation', 'action', 'fantasy']",7.7,62.0,2,1,1,1,1,29210,151086.0,5.1724067100308115
2000,0,107,"['adventure', 'comedy', 'crime']",7.7,69.0,3,3,2,1,1,286742,45512588.0,158.72313089815933
2002,3,116,"['adventure', 'comedy', 'drama']",7.7,79.0,1,1,2,1,1,29999,23457439.5,781.9407146904897
1999,3,81,"['animation', 'comedy', 'fantasy']",7.7,73.0,1,1,1,1,1,192112,52037603.0,270.87117410677104
1999,3,89,['comedy'],7.7,68.0,1,1,1,1,1,241575,10824921.0,44.80977336230984
1998,-1,134,"['comedy', 'drama']",7.7,81.0,1,1,1,2,1,66408,2807390.0,42.274876520901095
2001,3,122,"['crime', 'drama', 'thriller']",7.7,69.0,1,3,2,1,1,390247,76631907.0,196.3677030188573
1998,1,93,"['comedy', 'drama', 'romance']",7.7,86.0,3,1,1,1,1,169229,17105219.0,101.07735080866755
1997,0,119,"['drama', 'mystery', 'sci-fi']",7.7,79.0,2,1,2,1,1,64082,368234.0,5.746293811054587
1999,3,113,"['comedy', 'drama', 'fantasy']",7.7,90.0,2,1,1,2,1,312542,22858926.0,73.13873335423719
1997,3,139,"['comedy', 'drama', 'romance']",7.7,67.0,1,2,2,1,1,275755,148478011.0,538.4417725879857
1997,1,126,"['action', 'adventure', 'sci-fi']",7.7,52.0,2,2,1,1,1,434125,63540020.0,146.36342067376907
1998,2,80,['comedy'],7.7,73.0,1,1,1,1,1,37424,4065116.0,108.623236425823
1997,3,127,"['biography', 'crime', 'drama']",7.7,76.0,2,3,1,2,2,279318,41909762.0,150.04318375471684
1996,0,105,"['biography', 'drama', 'music']",7.7,87.0,1,2,1,1,1,51350,35811509.0,697.4003700097371
1996,3,129,"['crime', 'drama', 'mystery']",7.7,47.0,1,2,1,2,1,189716,56116183.0,295.79046047776677
1996,2,242,['drama'],7.7,79.0,1,1,2,1,1,35991,4414535.0,122.65663638131755
1995,0,97,"['drama', 'family', 'fantasy']",7.7,83.0,3,1,1,1,1,32236,10019307.0,310.8111118004715
1995,1,99,"['comedy', 'crime', 'drama']",7.7,71.0,2,1,1,1,1,26429,23457439.5,887.5643989556926
1994,0,108,"['biography', 'comedy', 'drama']",7.7,81.0,1,1,1,1,1,33600,21848932.0,650.2658333333334
1994,3,92,['comedy'],7.7,70.0,1,1,1,1,1,211450,3151130.0,14.90248285646725
1993,3,188,"['comedy', 'drama']",7.7,79.0,2,1,2,2,1,42275,6110979.0,144.55302188054407
1993,1,125,['drama'],7.7,66.0,2,3,2,1,1,224169,77324422.0,344.9380690461214
1992,0,85,"['comedy', 'drama', 'family']",7.7,64.0,1,1,1,1,1,50298,27281507.0,542.3974511909022
1992,0,202,"['biography', 'drama', 'history']",7.7,73.0,2,3,1,1,1,85819,48169908.0,561.2965427236393
1992,1,112,"['action', 'adventure', 'drama']",7.7,76.0,2,2,2,1,1,150409,75505856.0,502.0035769136155
1992,0,94,"['animation', 'adventure', 'comedy']",7.7,83.0,3,1,1,1,1,77798,23457439.5,301.5172562276665
1992,3,100,"['crime', 'drama', 'mystery']",7.7,82.0,1,3,1,1,2,95826,10725228.0,111.92398722684867
1992,0,138,"['drama', 'thriller']",7.7,62.0,3,3,1,1,2,235388,141340178.0,600.45617448638
1991,2,130,['drama'],7.7,64.0,1,1,1,1,1,66941,82418501.0,1231.211081400039
1991,0,116,"['comedy', 'drama', 'thriller']",7.7,69.0,3,3,1,2,1,113240,6153939.0,54.34421582479689
1990,3,115,"['crime', 'drama', 'thriller']",7.7,66.0,3,3,2,1,1,125822,5080409.0,40.377747929614856
1988,0,104,"['animation', 'adventure', 'comedy']",7.7,83.0,2,1,2,1,1,182009,156452370.0,859.5858995983715
1988,-1,107,"['mystery', 'thriller']",7.7,79.0,1,1,1,1,1,33982,23457439.5,690.2901388970631
1987,3,107,"['comedy', 'drama']",7.7,84.0,1,1,1,1,1,40396,1544889.0,38.243613229032576
1987,0,163,"['biography', 'drama', 'history']",7.7,76.0,2,1,1,1,1,94326,43984230.0,466.30017174479997
1987,0,153,"['action', 'drama', 'history']",7.7,62.0,3,3,1,1,1,115677,22238696.0,192.24820837331535
1986,3,130,"['crime', 'drama', 'mystery']",7.7,54.0,2,2,1,1,1,102031,7153487.0,70.1109172702414
1986,3,120,"['drama', 'mystery', 'thriller']",7.7,76.0,2,1,1,2,2,181285,8551228.0,47.17008026036351
1985,0,82,"['comedy', 'fantasy', 'romance']",7.7,75.0,3,2,1,1,1,47102,10631333.0,225.70873848244236
1985,1,97,"['comedy', 'crime', 'drama']",7.7,90.0,3,1,1,1,1,59635,10600000.0,177.7479667980213
1983,1,79,['comedy'],7.7,79.0,3,2,1,1,1,39881,11798616.0,295.8455404829367
1982,0,129,['drama'],7.7,77.0,2,2,1,2,1,36096,54000000.0,1496.0106382978724
1982,0,113,"['action', 'adventure', 'sci-fi']",7.7,67.0,1,1,1,1,1,112704,78912963.0,700.1789022572402
1982,3,93,"['action', 'adventure']",7.7,61.0,1,2,1,2,2,226541,47212904.0,208.40776724742983
1980,0,124,['drama'],7.7,86.0,1,1,1,1,1,47099,54800000.0,1163.5066561922758
1980,0,88,['comedy'],7.7,78.0,1,1,1,1,1,214882,83400000.0,388.1199914371609
1979,0,100,"['animation', 'adventure', 'family']",7.7,71.0,3,1,1,1,1,27014,23457439.5,868.3438032131487
1978,3,91,"['horror', 'thriller']",7.7,87.0,2,1,1,1,1,233106,47000000.0,201.62501179720815
1976,3,126,"['drama', 'thriller']",7.7,71.0,2,1,1,2,1,39889,1924733.0,48.25222492416456
1975,1,85,"['comedy', 'war']",7.7,89.0,3,2,2,1,1,36037,23457439.5,650.9265338402198
1974,0,104,"['action', 'crime', 'thriller']",7.7,68.0,1,1,2,2,1,26729,23457439.5,877.6025852070785
1974,3,93,"['comedy', 'western']",7.7,73.0,2,1,1,1,1,125993,119500000.0,948.465390934417
1973,3,130,"['biography', 'crime', 'drama']",7.7,87.0,2,3,1,1,1,109941,29800000.0,271.054474672779
1973,3,102,"['action', 'crime', 'drama']",7.7,83.0,1,1,1,1,1,96561,25000000.0,258.9036981804248
1972,0,109,"['adventure', 'drama', 'thriller']",7.7,80.0,1,1,1,1,1,98740,7056013.0,71.46053271217339
1971,3,104,"['action', 'crime', 'drama']",7.7,94.0,2,2,1,1,1,110075,15630710.0,142.00054508289801
1971,3,102,"['action', 'crime', 'thriller']",7.7,90.0,2,3,1,1,1,143292,35900000.0,250.53736426318287
1968,0,158,"['action', 'adventure', 'war']",7.7,63.0,2,1,2,1,1,51913,23457439.5,451.8606033170882
1968,0,105,['comedy'],7.7,86.0,1,2,1,1,1,31572,44527234.0,1410.339351323958
1967,-1,150,"['action', 'adventure', 'war']",7.7,73.0,2,1,2,2,1,67183,45300000.0,674.2777190658351
1967,3,100,"['drama', 'romance']",7.7,79.0,2,2,1,1,1,40274,26331.0,0.6537964940159905
1966,0,120,"['biography', 'drama', 'history']",7.7,72.0,2,1,1,2,1,31222,28350000.0,908.0135801678304
1965,-1,105,"['drama', 'horror', 'thriller']",7.7,91.0,2,2,1,1,2,48883,23457439.5,479.8690649100914
1964,0,138,"['drama', 'history', 'war']",7.7,77.0,1,1,2,1,1,35999,23457439.5,651.6136420456123
1964,3,110,"['action', 'adventure', 'thriller']",7.7,87.0,1,2,1,1,1,174119,51081062.0,293.36868463522075
1963,3,119,"['drama', 'horror', 'mystery']",7.7,90.0,3,1,1,1,1,171739,11403529.0,66.40034587368041
1962,0,106,"['drama', 'thriller']",7.7,76.0,1,2,1,1,1,26457,23457439.5,886.6250708697131
1960,-1,101,"['drama', 'horror', 'thriller']",7.7,79.0,2,1,1,1,1,31354,83957.0,2.677712572558525
1960,0,128,"['action', 'adventure', 'western']",7.7,74.0,2,1,1,2,1,87719,4905000.0,55.917190118446406
1960,-1,90,"['drama', 'horror']",7.7,90.0,1,1,1,1,1,27620,52709.0,1.9083635047067342
1956,0,80,"['drama', 'horror', 'sci-fi']",7.7,92.0,2,1,1,1,1,44839,23457439.5,523.1481411271437
1955,2,111,['drama'],7.7,89.0,2,2,1,1,1,83363,23457439.5,281.3890994805849
1955,-1,91,"['comedy', 'crime']",7.7,91.0,2,1,1,1,1,26464,23457439.5,886.3905494256348
1954,0,113,"['comedy', 'drama', 'romance']",7.7,72.0,3,3,2,1,1,59415,23457439.5,394.80669022973996
1952,0,129,"['comedy', 'drama', 'romance']",7.7,79.0,2,2,2,1,2,34677,10550000.0,304.2362372754275
1951,0,92,"['drama', 'sci-fi']",7.7,79.0,2,1,1,1,1,76315,23457439.5,307.37652492956823
1951,1,105,"['adventure', 'drama', 'romance']",7.7,91.0,2,3,2,1,1,71481,536118.0,7.500146892181139
1946,0,110,"['drama', 'film-noir', 'romance']",7.7,79.0,1,1,1,1,2,27991,23457439.5,838.0350648422707
1940,0,125,"['animation', 'family', 'fantasy']",7.7,96.0,1,1,1,1,1,88662,76408097.0,861.7908122983916
1933,1,71,"['horror', 'sci-fi']",7.7,87.0,2,1,1,1,2,30683,23457439.5,764.5093211224456
2019,2,126,"['biography', 'drama', 'history']",7.6,73.0,1,2,2,2,1,60408,23457439.5,388.3167709574891
2018,1,102,"['drama', 'mystery', 'thriller']",7.6,71.0,1,1,1,1,1,140840,26020957.0,184.75544589605227
2019,3,161,"['comedy', 'drama']",7.6,83.0,3,3,2,2,1,551309,142502728.0,258.4806850604652
2017,3,127,['drama'],7.6,86.0,2,1,1,1,1,29765,566356.0,19.027582731395935
2017,3,111,['drama'],7.6,92.0,1,1,1,2,1,95181,5904366.0,62.03303180256564
2019,3,137,"['biography', 'crime', 'drama']",7.6,68.0,2,2,2,1,1,46739,23457439.5,501.8815015297717
2017,2,101,['drama'],7.6,60.0,2,1,1,1,1,99643,24801212.0,248.90069548287386
2019,2,97,"['adventure', 'comedy', 'drama']",7.6,70.0,1,1,1,1,1,66346,13122642.0,197.7910047327646
2015,-1,138,"['crime', 'drama', 'romance']",7.6,77.0,1,1,2,1,1,52903,23457439.5,443.4047123981627
2015,2,97,['drama'],7.6,83.0,1,1,1,1,1,35785,845464.0,23.62621210004192
2017,1,136,"['action', 'adventure', 'comedy']",7.6,67.0,2,2,2,1,2,569974,389813101.0,683.9138294027447
2017,1,113,"['action', 'crime', 'drama']",7.6,86.0,2,1,1,1,1,439406,107825862.0,245.39005384541858
2017,1,134,"['action', 'biography', 'drama']",7.6,72.0,1,1,1,2,1,58371,18340051.0,314.1979921536379
2015,1,142,"['drama', 'history', 'thriller']",7.6,81.0,3,3,1,1,1,287659,72313754.0,251.3870728883852
2018,1,118,"['animation', 'action', 'adventure']",7.6,80.0,2,2,1,1,1,250057,608581744.0,2433.7720759666795
2016,0,107,"['animation', 'adventure', 'comedy']",7.6,81.0,2,2,1,1,1,272784,248757044.0,911.9194820810604
2015,3,121,"['action', 'crime', 'drama']",7.6,82.0,2,1,2,2,1,371291,46889293.0,126.28717905901301
2015,3,133,"['drama', 'sport']",7.6,82.0,1,2,1,1,1,247666,109767581.0,443.2081149612785
2014,3,140,"['crime', 'drama']",7.6,92.0,2,1,1,1,1,49397,1092800.0,22.12280097981659
2016,3,102,"['action', 'crime', 'drama']",7.6,88.0,1,2,1,2,1,204175,26862450.0,131.5658136402596
2013,2,98,"['biography', 'comedy', 'drama']",7.6,77.0,1,1,1,1,1,94212,37707719.0,400.24327049632745
2014,1,130,"['action', 'adventure', 'drama']",7.6,79.0,1,1,1,1,1,411599,208545589.0,506.67175819183234
2012,-1,112,"['mystery', 'thriller']",7.6,79.0,2,1,1,1,1,57549,23457439.5,407.60811656153885
2011,3,101,"['action', 'thriller']",7.6,73.0,2,2,1,1,1,190531,4105123.0,21.545695975982913
2012,3,109,"['action', 'crime', 'drama']",7.6,68.0,1,3,1,2,1,228132,41003371.0,179.7352892185226
2010,0,94,"['animation', 'adventure', 'family']",7.6,80.0,1,1,1,1,1,80939,19202743.0,237.24957066432745
2018,1,136,"['drama', 'music', 'romance']",7.6,88.0,1,1,2,1,1,334312,215288866.0,643.9758848022207
2010,2,110,"['drama', 'western']",7.6,80.0,2,2,2,1,1,311822,171243005.0,549.1690932647472
2010,3,118,"['drama', 'romance']",7.6,65.0,2,1,1,1,1,38491,1008098.0,26.190486087656854
2010,0,95,"['animation', 'comedy', 'crime']",7.6,72.0,1,1,2,1,1,500851,251513985.0,502.1732710926004
2011,3,100,"['comedy', 'drama', 'romance']",7.6,72.0,1,1,1,2,2,315426,35014192.0,111.00604262172428
2010,1,117,"['action', 'comedy', 'crime']",7.6,66.0,2,1,1,1,1,524081,48071303.0,91.72494900597427
2009,-1,113,"['action', 'adventure', 'crime']",7.6,79.0,1,1,1,1,1,63882,23457439.5,367.19951629567015
2011,2,133,"['biography', 'drama', 'sport']",7.6,87.0,1,2,2,1,2,369529,75605492.0,204.59961735073566
2011,3,120,"['drama', 'horror', 'thriller']",7.6,70.0,2,1,1,1,1,138959,3185812.0,22.926273217279917
2009,3,88,"['adventure', 'comedy', 'fantasy']",7.6,73.0,1,2,2,2,1,520041,75590286.0,145.35447397416743
2008,-1,107,"['drama', 'thriller']",7.6,79.0,1,1,2,1,1,102742,23457439.5,228.31402444959218
2009,2,128,"['action', 'adventure', 'mystery']",7.6,57.0,2,2,1,2,1,583158,209028679.0,358.44261589483466
2009,1,129,"['biography', 'drama', 'sport']",7.6,53.0,1,1,2,1,1,293266,255959475.0,872.7894641724578
2007,2,104,['drama'],7.6,79.0,2,1,1,1,1,41544,9422422.0,226.80584440593105
2008,1,123,['drama'],7.6,36.0,2,2,1,2,1,286770,69951824.0,243.93006241936047
2007,3,100,"['action', 'crime', 'drama']",7.6,82.0,1,2,2,1,1,227760,17114882.0,75.14437126800141
2007,0,127,"['adventure', 'family', 'fantasy']",7.6,66.0,2,1,1,1,1,255036,38634938.0,151.4881742185417
2009,-1,71,"['animation', 'adventure', 'family']",7.6,81.0,2,1,1,1,1,31779,686383.0,21.598634318260487
2006,3,129,"['crime', 'drama', 'mystery']",7.6,76.0,2,3,2,2,2,339757,88513495.0,260.52000400286084
2007,3,114,"['crime', 'drama', 'mystery']",7.6,72.0,2,2,2,1,1,250590,20300218.0,81.0096891336446
2007,2,140,"['biography', 'drama', 'music']",7.6,66.0,1,1,1,1,1,82781,10301706.0,124.44529541803071
2006,2,104,"['action', 'biography', 'drama']",7.6,70.0,1,2,1,1,1,72863,24633730.0,338.0828403991052
2006,0,110,"['drama', 'fantasy', 'mystery']",7.6,68.0,1,2,1,1,1,354728,39868642.0,112.39214835028528
2004,-1,90,"['crime', 'drama', 'thriller']",7.6,52.0,2,2,1,1,1,49728,6013.0,0.12091779279279279
2009,1,153,"['action', 'adventure', 'family']",7.6,78.0,2,3,3,2,2,474827,301959197.0,635.9351869207101
2006,3,117,"['action', 'drama']",7.6,52.0,2,1,1,1,1,732876,210614939.0,287.3814110436145
2005,3,124,"['drama', 'romance', 'thriller']",7.6,72.0,3,1,1,1,1,206294,23089926.0,111.92727854421359
2009,3,162,"['action', 'drama', 'mystery']",7.6,56.0,2,1,1,1,1,500799,107509799.0,214.6765448812797
2005,3,122,"['action', 'crime', 'drama']",7.6,62.0,2,2,2,2,1,294140,24149632.0,82.1025090093153
2004,1,103,"['horror', 'mystery', 'thriller']",7.6,46.0,1,2,1,1,1,379020,56000369.0,147.7504326948446
2008,3,124,['drama'],7.6,67.0,1,1,2,2,2,83158,3081925.0,37.06107650496645
2004,3,105,['drama'],7.6,73.0,1,1,2,1,1,65939,697181.0,10.573120611474241
2003,3,93,"['comedy', 'drama', 'romance']",7.6,45.0,1,1,1,1,1,67360,548707.0,8.145887767220902
2004,0,133,"['drama', 'mystery', 'romance']",7.6,76.0,2,2,1,2,1,70925,6167817.0,86.9625237927388
2003,3,89,"['comedy', 'drama']",7.6,81.0,2,1,1,1,1,67370,5739376.0,85.19186581564495
2003,1,124,"['crime', 'drama', 'thriller']",7.6,70.0,2,2,2,1,1,224545,16290476.0,72.54882540248057
2002,3,129,"['crime', 'drama', 'thriller']",7.6,56.0,2,2,1,1,1,62659,45289.0,0.7227852343637785
2004,0,106,"['biography', 'drama', 'family']",7.6,67.0,1,3,2,1,2,198677,51680613.0,260.1237838300357
2002,3,135,['drama'],7.6,68.0,2,2,1,2,1,169708,13060843.0,76.96067952011691
2004,0,113,"['drama', 'sci-fi', 'thriller']",7.6,30.0,1,1,1,1,1,451479,57938693.0,128.3308703173348
2002,3,113,"['drama', 'horror', 'sci-fi']",7.6,73.0,2,1,1,1,1,376853,45064915.0,119.58221110088019
2000,-1,114,"['action', 'adventure', 'drama']",7.6,81.0,1,2,1,1,1,169091,23457439.5,138.72671815767842
2001,3,110,"['comedy', 'drama']",7.6,76.0,3,2,2,1,1,266842,52364010.0,196.23601232189836
2001,3,106,['drama'],7.6,88.0,3,1,2,1,1,115827,13622333.0,117.60930525697808
2001,0,152,"['adventure', 'family', 'fantasy']",7.6,64.0,2,3,1,1,1,658185,317575550.0,482.5019561369524
2001,2,101,"['horror', 'mystery', 'thriller']",7.6,74.0,2,2,1,1,1,337651,96522687.0,285.8652484369956
2001,3,124,"['biography', 'crime', 'drama']",7.6,52.0,1,3,2,1,1,240714,52990775.0,220.1399793946343
2001,3,131,"['drama', 'history', 'war']",7.6,53.0,2,1,2,1,1,243729,51401758.0,210.89717678240999
2002,3,145,"['action', 'crime', 'mystery']",7.6,80.0,3,3,1,1,1,508417,132072926.0,259.7728360774718
1999,3,146,"['biography', 'drama', 'sport']",7.6,74.0,2,3,1,1,2,91557,50668906.0,553.4137859475518
2000,3,101,"['comedy', 'crime', 'drama']",7.6,64.0,1,3,1,1,1,490062,15070285.0,30.751792630320246
1998,1,81,"['crime', 'drama', 'thriller']",7.6,77.0,1,2,1,1,1,188317,7267585.0,38.59229384495293
1998,3,170,"['drama', 'war']",7.6,78.0,2,2,2,1,1,172710,36400491.0,210.7607608129234
1998,0,88,"['animation', 'adventure', 'family']",7.6,71.0,1,1,1,2,1,256906,120620254.0,469.5112375732758
1998,3,118,"['adventure', 'comedy', 'drama']",7.6,41.0,2,3,2,1,1,259753,10680275.0,41.11704195909191
1997,3,108,"['crime', 'drama', 'thriller']",7.6,69.0,2,1,1,1,1,65058,23457439.5,360.56195241169416
1998,3,100,"['mystery', 'sci-fi', 'thriller']",7.6,66.0,1,1,1,2,1,187927,14378331.0,76.51019278762499
1996,1,147,"['crime', 'drama', 'thriller']",7.6,49.0,2,3,1,2,1,186734,49100000.0,262.9408677584157
1997,3,134,"['mystery', 'thriller']",7.6,52.0,2,1,2,1,1,131101,3796699.0,28.96010709300463
1995,0,136,"['drama', 'romance']",7.6,84.0,2,1,2,1,1,102598,43182776.0,420.8929608764303
1995,3,128,"['action', 'adventure', 'thriller']",7.6,58.0,2,2,1,2,1,364420,100012499.0,274.4429476977114
1995,3,121,"['adventure', 'drama', 'fantasy']",7.6,62.0,2,3,1,1,1,90442,1037847.0,11.475276973087725
1995,3,135,"['drama', 'romance']",7.6,69.0,3,3,2,1,1,73172,71516617.0,977.3768244683758
1995,0,140,"['adventure', 'drama', 'history']",7.6,77.0,2,3,1,2,1,269197,173837933.0,645.7647484927395
1994,0,92,"['comedy', 'drama', 'romance']",7.6,88.0,2,1,2,1,1,64390,1464625.0,22.746156235440285
1993,3,113,"['action', 'crime', 'drama']",7.6,56.0,1,2,1,1,1,171640,40903593.0,238.31037636914473
1993,0,102,['comedy'],7.6,78.0,3,1,1,2,1,165465,7993039.0,48.30652403831626
1992,1,120,"['comedy', 'crime']",7.6,68.0,1,1,2,1,1,107325,52929168.0,493.16718378756116
1991,0,118,"['animation', 'drama', 'romance']",7.6,90.0,2,1,1,1,1,27071,453243.0,16.742750544863508
1991,3,99,"['comedy', 'crime']",7.6,66.0,1,1,1,1,1,80487,1794187.0,22.29163715879583
1990,0,103,"['comedy', 'family']",7.6,63.0,2,1,1,1,1,488817,285761243.0,584.5975958282957
1990,3,162,"['crime', 'drama']",7.6,60.0,2,3,2,1,1,359809,66666062.0,185.28180784805272
1989,1,95,"['comedy', 'drama', 'romance']",7.6,76.0,3,1,1,2,2,195663,92823600.0,474.4054828966131
1989,0,83,"['animation', 'family', 'fantasy']",7.6,88.0,2,2,1,1,1,237696,111543479.0,469.26948286887455
1988,0,85,"['comedy', 'crime']",7.6,76.0,1,1,1,1,1,152871,78756177.0,515.1806228781129
1987,0,93,"['comedy', 'drama']",7.6,72.0,2,1,1,1,1,124773,49530280.0,396.9631250350637
1987,3,109,"['action', 'crime', 'thriller']",7.6,68.0,2,2,1,1,1,236894,65207127.0,275.25866843398313
1984,3,99,"['crime', 'drama', 'thriller']",7.6,82.0,3,3,1,2,1,87745,2150000.0,24.50282067354265
1981,1,109,['drama'],7.6,68.0,1,2,1,1,1,27650,119285432.0,4314.120506329114
1981,3,96,"['action', 'adventure', 'sci-fi']",7.6,77.0,2,2,1,1,1,166588,12465371.0,74.8275446010517
1979,1,92,"['action', 'crime', 'thriller']",7.6,65.0,1,1,1,1,1,93878,22490039.0,239.5666609855344
1979,0,95,"['adventure', 'comedy', 'family']",7.6,74.0,1,1,1,1,1,32802,76657000.0,2336.961160904823
1979,3,112,"['action', 'biography', 'crime']",7.6,76.0,2,3,1,1,1,121731,43000000.0,353.23787695821113
1978,0,91,"['animation', 'adventure', 'drama']",7.6,64.0,1,1,2,1,1,33656,23457439.5,696.9764529355836
1978,3,121,"['biography', 'crime', 'drama']",7.6,59.0,2,1,1,1,1,73662,35000000.0,475.1432217425538
1977,0,138,"['drama', 'sci-fi']",7.6,90.0,3,1,1,1,1,184966,132088635.0,714.1238660078069
1973,3,112,"['comedy', 'crime', 'drama']",7.6,87.0,2,1,1,2,1,26337,959000.0,36.41265140296921
1971,1,157,"['drama', 'war', 'western']",7.6,77.0,3,1,1,1,1,30144,696690.0,23.112062101910826
1970,1,144,"['adventure', 'comedy', 'war']",7.6,50.0,2,3,1,2,1,45338,1378435.0,30.403524637169703
1967,0,78,"['animation', 'adventure', 'family']",7.6,65.0,1,1,1,1,1,166409,141843612.0,852.379450630675
1966,3,111,"['drama', 'mystery', 'thriller']",7.6,82.0,2,1,1,1,2,56513,23457439.5,415.0804151257233
1964,0,87,"['comedy', 'music', 'musical']",7.6,96.0,1,1,1,1,1,40351,13780024.0,341.5039032489901
1961,3,115,"['comedy', 'drama', 'romance']",7.6,76.0,1,2,1,1,1,166544,23457439.5,140.84830134979345
1956,0,201,"['drama', 'western']",7.6,84.0,1,2,1,1,1,34075,23457439.5,688.4061482024945
1953,0,118,"['drama', 'romance', 'war']",7.6,85.0,2,2,1,1,1,43374,30500000.0,703.1862406049707
1944,-1,97,"['drama', 'war']",7.6,78.0,3,1,1,1,1,26471,23457439.5,886.1561520154131
1935,-1,86,"['crime', 'mystery', 'thriller']",7.6,93.0,3,1,1,1,1,51853,23457439.5,452.38345900912196
